title_dd,body_dd
2019유통트렌드는 챗봇서비스 등 '편익소비',"【서울=뉴시스】이예슬 기자 = 올해는 빅데이터, 인공지능, 5G 등 혁신 기술과 결합해 편리함을 주는 '편익 소비'가 유통가의 화두가 될 것이란 전망이 나왔다."
2019유통트렌드는 챗봇서비스 등 '편익소비',"28일 롯데멤버스는 온·오프라인에서 소비자들의 행동과 생각, 소비 유형을 분석한 2019년 '엘포인트 트렌드 픽'을 발표했다."
2019유통트렌드는 챗봇서비스 등 '편익소비',"우선 일상화되는 셀프 주문·계산대에 주목했다. 이용자들은 심적 불편 해소(62.1%), 시간 절약(56.0%) 등을 장점으로 꼽았다. 상품을 주문할 때 오래 고민해도 점원의 눈치를 보지 않아도 된다는 점에서 선호도가 높은 것이다."
2019유통트렌드는 챗봇서비스 등 '편익소비',"향후 이용 의향이 있느냐는 질문에 응답률이 높은 세대는 온라인쇼핑과 같은 비대면 서비스에 익숙한 밀레니얼 세대(63.7%)였다. X세대(58.8%), 베이비붐세대(58.5%)가 그 뒤를 이었다."
2019유통트렌드는 챗봇서비스 등 '편익소비',선진국에서 이미 활발하게 실현되고 있는 무인점포 시스템이 최근 국내에도 도입되기 시작했다. 무인점포의 장점은 셀프 주문을 선호하는 이유와 같은 맥락에서 해석된다. 특히 밀레니얼세대와 X세대는 매장에서 오래 머물러도 눈치보이지 않는다는 점 등에서 높은 점수를 줬다.
2019유통트렌드는 챗봇서비스 등 '편익소비',다만 우려의 목소리도 나왔다. 무인점포를 선호하는 이유가 편리성 때문인데 매장에 직원이 없어지면 또 다른 불편함이 발생할 수 있다는 이유에서다.
2019유통트렌드는 챗봇서비스 등 '편익소비',인공지능(AI)시대에 본격적으로 접어들면서 챗봇(Chatter Robot)도 관심을 받고 있다. 인공지능이 빅데이터 분석을 바탕으로 사람과 대화를 하며 답을 주는 일종의 메신저다.
2019유통트렌드는 챗봇서비스 등 '편익소비',"장점으로는 사람에게 말하기 꺼려지는 것을 물어볼 수 있는 점, 24시간 이용이 가능한 점 등이 꼽혔다. 한편으로는 기술적인 부분 등 보완이 필요하다는 지적도 있었다."
2019유통트렌드는 챗봇서비스 등 '편익소비',조사의 표본오차는 95% 신뢰수준에서 ±1.39%포인트였다. '엘포인트 리서치 플랫폼 라인'에서 조사했다.
2019유통트렌드는 챗봇서비스 등 '편익소비',&lt;저작권자ⓒ 공감언론 뉴시스통신사. 무단전재-재배포 금지.&gt;
올해의 쇼핑 트렌드는…셀프주문·무인점포·챗봇,"[아시아경제 이지은 기자] 롯데멤버스는 온·오프라인 고객들의 행동과 생각, 소비 유형을 분석한 '2019년 엘포인트 트렌드픽'을 통해 올해의 쇼핑 트렌드로 '편익 서비스'를 꼽았다고 28일 밝혔다."
올해의 쇼핑 트렌드는…셀프주문·무인점포·챗봇,대표적으로는 일상 공간에서 점원을 통하지 않고 직접 주문부터 계산을 하는 '셀프 주문·계산대'가 유행할 것으로 전망했다.
올해의 쇼핑 트렌드는…셀프주문·무인점포·챗봇,"무인점포 역시 새 트렌드를 타고 유행할 것으로 전망된다. 셀프 주문을 선호하는 이유와 같은 맥락에서 심적 불편 해소(69.3%)나 시간 절약(50.7%)과 같은 요인이 긍정적인 반응을 이끌어냈다. 특히, 밀레니얼 세대와 X세대는 '매장에서 오래 머물러도 눈치 보이지 않는 점'과 '24시간 이용이 가능할 것 같은 점'에서 무인점포 이용에 높은 점수를 줬다."
"롯데마트, 베트남 14호점 ‘꺼우져이점’ 오픈…""북베트남 시장 공략""","꺼우져이점은 레지던스, 오피스, 쇼핑몰 등이 입점해 있는 복합 쇼핑몰인 ‘디스커버리 슈퍼센터’ 건물 지하 1층에 임차면적 1289평 규모로 들어서며, 매장면적은 840평 규모이다."
"롯데마트, 베트남 14호점 ‘꺼우져이점’ 오픈…""북베트남 시장 공략""","1인가구, 레시던스를 고려해 상품은 고선도 식품기반의 생활밀착형 마켓으로 운영하게 된다. 안전, 위생 등을 중시하는 소비자 기호를 반영해 냉장 중심의 소용량 패키지고선도 식품 및 바로 간편하게 데워 먹을 수 있는 RTC, RTH 상품을 취급한다. 특히, 상품의 선도를 위해 신선식품의 35% 가량은 하노이 인근에서 수확한 상품을 취급하는 로컬소싱으로 준비한 것이 특징이다."
"롯데마트, 베트남 14호점 ‘꺼우져이점’ 오픈…""북베트남 시장 공략""","꺼우져이점은 상권 2km 반경에 ‘하노이 국립대학교’, ‘하노이 정치대’ 등 총 7개의 대학교가 밀집해 있다. 대학생을 타깃으로 하는 상품군도 강화했다. 도시락, 베이커리, 피자 등 부담없는 가격으로 식사를 할 수 있는 델리카 코너를 강화하고, 베트남 상품 외에 한국, 미국, 유럽 상품 등 글로벌 상품을 모아 판매하는 인터내셔널 존을 구성해 색다른 쇼핑을 재미를 느끼게 했다."
"롯데마트, 베트남 14호점 ‘꺼우져이점’ 오픈…""북베트남 시장 공략""","또한 대학생을 위한 화장품 코너를 별도로 구성해 상품 테스트 및 안내를 받을 수 있는 공간을 마련했다. 롯데마트는 젊은 고객층을 대상으로 페이스북, 유튜브 등의 SNS마케팅에 집중하겠다는 방침이다."
"롯데마트, 베트남 14호점 ‘꺼우져이점’ 오픈…""북베트남 시장 공략""","꺼우져이점은 하노이센터점, 동다점에 이어 베트남 북부지역인 하노이에 세번째로 문을 여는 매장이다. 지금까지 베트남에 진출한 롯데마트 대부분의 점포는 상업 시설이 집중된 호치민시를 중심으로 하는 남베트남에 집중되어 있다."
"롯데마트, 베트남 14호점 ‘꺼우져이점’ 오픈…""북베트남 시장 공략""","롯데마트는 1000평 가량의 중형점포 운영으로 남베트남보다 상대적으로 구매력이 떨어지는 북베트남을 공략하겠다는 전략이다. 롯데마트는 오픈 후 1달 동안 ‘Shocking Price 상품’ 운영을 통해 식용유, 기저귀 등의 가격민감 생필품을 엄선해 초특가로 선보임으로써 최저 가격 이미지를 공고히 할 방침이다."
"롯데마트, 베트남 14호점 ‘꺼우져이점’ 오픈…""북베트남 시장 공략""",또한 고객 충성도를 확보하고 지역 랜드마크(Landmark) 이미지를 확보하기 위해 롯데 멤버스와 함께 회원 모집 및 타깃마케팅을 진행하고 있다. 신규멤버스 고객에게는 최대 49%까지 상품 할인을 받을 수 있도록 멤버스 회원혜택을 확대한다.
"롯데마트, 베트남 14호점 ‘꺼우져이점’ 오픈…""북베트남 시장 공략""",강민호 롯데마트 베트남법인장은 “꺼우져이점은 1호점 남사이공점 오픈 후 10년간 베트남사업을 성공적으로 진행해 온 롯데마트의 역량이 집약화된 매장이다”라며 “올해에도 호치민과 하노이를 중심으로 북베트남과 남베트남에 출점을 가속화할 계획이다”고 말했다.
"롯데마트, 베트남 14호점 ‘꺼우져이점’ 오픈…""북베트남 시장 공략""","한편 롯데마트는 인도네시아 46개 점포를 비롯해 베트남 14개 점, 국내 123개 점포를 합쳐 3개국에서 총 183개 매장을 운영하고 있다."
"롯데마트, 베트남 14번째 매장 '꺼우져이점' 오픈",롯데마트가 26일 베트남 북부 하노이시 꺼우져이군에 베트남 14호점이자 글로벌 183호점인 '꺼우져이점'을 오픈했다.
"롯데마트, 베트남 14번째 매장 '꺼우져이점' 오픈","'꺼우져이점'은 레지던스, 오피스, 쇼핑몰 등이 입점해 있는 복합 쇼핑몰인 '디스커버리 슈퍼센터' 건물 지하 1층에 임차면적 1289평 규모로 들어서며 매장면적은 840평 규모다. 1인 가구, 레시던스를 고려해 상품은 고선도 식품기반의 생활밀착형 마켓으로 운영하게 된다."
"롯데마트, 베트남 14번째 매장 '꺼우져이점' 오픈","안전, 위생 등을 중시하는 소비자 기호를 반영해 냉장 중심의 소용량 패키지 고선도 식품 및 바로 간편하게 데워 먹을 수 있는 RTC, RTH 상품을 취급한다. 상품의 선도를 위해 신선식품의 35% 가량은 하노이 인근에서 수확한 상품을 취급하는 로컬소싱으로 준비한 것이 특징이다."
"롯데마트, 베트남 14번째 매장 '꺼우져이점' 오픈","'꺼우져이점'은 상권 2km 반경에 '하노이 국립대학교', '하노이 정치대' 등 총 7개의 대학교가 밀집해 있다. 대학생을 타깃으로 하는 상품군도 강화했다. 도시락, 베이커리, 피자 등 부담없는 가격으로 식사를 할 수 있는 델리카 코너를 강화하고 베트남 상품 외에 한국, 미국, 유럽 상품 등 글로벌 상품을 모아 판매하는 인터내셔널 존을 구성해 색다른 쇼핑을 재미를 느끼게 했다. 대학생을 위한 화장품 코너를 별도로 구성해 상품 테스트 및 안내를 받을 수 있는 공간을 마련했다."
"롯데마트, 베트남 14번째 매장 '꺼우져이점' 오픈","롯데마트는 젊은 고객층을 대상으로 페이스북, 유튜브 등 SNS 마케팅에 집중하겠다는 방침이다."
"롯데마트, 베트남 14번째 매장 '꺼우져이점' 오픈","'꺼우져이점'은 하노이센터점, 동다점에 이어 베트남 북부지역인 하노이에 세번째로 문을 여는 매장이다. 지금까지 베트남에 진출한 롯데마트 대부분의 점포는 상업 시설이 집중된 호치민시를 중심으로 하는 남베트남에 집중돼 있다."
"롯데마트, 베트남 14번째 매장 '꺼우져이점' 오픈",롯데마트는 1000평 가량의 중형점포 운영으로 남베트남보다 상대적으로 구매력이 떨어지는 북베트남을 공략하겠다는 전략이다.
"롯데마트, 베트남 14번째 매장 '꺼우져이점' 오픈","롯데마트는 오픈 후 1달 동안 'Shocking Price 상품' 운영을 통해 식용유, 기저귀 등의 가격민감 생필품을 엄선해 초특가로 선보임으로써 최저 가격 이미지를 공고히 할 방침이다."
"롯데마트, 베트남 14번째 매장 '꺼우져이점' 오픈","또한, 고객 충성도를 확보하고 지역 랜드마크 이미지를 확보하기 위해 롯데 멤버스와 함께 회원 모집 및 타깃마케팅을 진행하고 있다. 신규멤버스 고객에게는 최대 49%까지 상품 할인을 받을 수 있도록 멤버스 회원혜택을 확대한다."
"롯데마트, 베트남 14번째 매장 '꺼우져이점' 오픈","강민호 롯데마트 베트남법인장은 “꺼우져이점은 1호점 남사이공점 오픈 후 10년간 베트남사업을 성공적으로 진행해 온 롯데마트의 역량이 집약화된 매장”이라며, “올해에도 호치민과 하노이를 중심으로 북베트남과 남베트남에 출점을 가속화할 계획”이라고 말했다."
"롯데마트, 베트남 14번째 매장 '꺼우져이점' 오픈","한편, 이로써 롯데마트는 인도네시아 46개 점포를 비롯, 베트남 14개 점, 국내 123개 점포를 합쳐 3개국에서 총 183개 매장을 운영하게 된다."
"롯데마트, 하노이 ‘꺼우져이점’ 오픈",생활밀착형 중형급 마켓
"롯데마트, 하노이 ‘꺼우져이점’ 오픈",롯데마트가 베트남 하노이에 ‘꺼우져이점’을 오픈한다. 꺼우져이점은 롯데마트의 베트남 14호점이자 글로벌 183호점이다.
"롯데마트, 하노이 ‘꺼우져이점’ 오픈","26일 롯데마트에 따르면, 이날 오픈한 꺼우져이점은 레지던스와 오피스, 쇼핑몰 등이 입점한 복합 쇼핑몰 ‘디스커버리 슈퍼센터’ 지하 1층에 위치한다. 임차 면적은 총 1289평으로, 매장 면적만 840평인 중형급 마트다."
"롯데마트, 하노이 ‘꺼우져이점’ 오픈","롯데마트는 1인 가구 및 레지던스 입주민 등을 고려해 꺼우져이점을 신선 식품 기반의 생활밀착형 마켓으로 운영할 계획이다. 안전, 위생 등을 중시하는 소비자 기호를 반영해 냉장 중심의 소용량 패키지 고선도 식품과 간편히 데워 먹을 수 있는 RTC(Ready to Cook), RTH(Ready to Heat) 상품을 취급한다. 특히 상품의 선도를 위해 신선식품의 35%가량은 하노이 인근에서 수확한 상품을 취급하는 로컬소싱으로 준비한 것이 특징이다. 이와 함께 꺼우져이점 인근 2㎞ 내 하노이 국립대, 하노이 정치대 등 7개의 대학교가 밀집한 대학 상권인 점을 고려해 학생들이 자주 찾는 도시락, 베이커리, 피자 등 델리카 코너를 강화했다. 베트남 상품 외에도 한국, 미국, 유럽 등 글로벌 상품을 모아 판매하는 인터네셔널 존을 구성해 쇼핑의 재미를 느끼도록 했다. 또 화장품 코너를 별도로 구성해 상품 테스트 및 안내를 받을 수 있도록 했다. 젊은 고객층을 대상으로 페이스북, 유튜브 등의 SNS(사회관계망) 마케팅에도 집중한다는 방침이다."
"롯데마트, 하노이 ‘꺼우져이점’ 오픈","이밖에 개장 후 한 달 동안 ‘쇼킹 프라이스(Shocking Price) 상품’을 운영해 식용유, 기저귀 등의 가격민감 생필품을 초특가로 선보이고, 롯데 멤버스 신규 고객에게 최대 49%의 할인 혜택을 주는 등 고객 충성도도 확보할 계획이다."
"롯데마트, 하노이 ‘꺼우져이점’ 오픈",한편 롯데마트는 꺼우져이점 개점을 계기로 상대적으로 구매력이 떨어지는 북베트남에는 1000평 내외의 중형점포로 공략할 방침이다. 지금까지 베트남 내 롯데마트는 상업시설이 모인 호치민시 중심의 남베트남에 집중돼 있었다.
"롯데마트, 하노이 ‘꺼우져이점’ 오픈",강민호 롯데마트 베트남법인장은 “꺼우져이점은 1호점 남사이공점 오픈 후 10년간 베트남사업을 성공적으로 진행해 온 롯데마트의 역량이 집약화된 매장”이라며 “올해에도 호치민과 하노이를 중심으로 북베트남과 남베트남에 출점을 가속화할 계획”이라고 말했다.
"롯데마트, 베트남 ‘꺼우져이점’ 오픈…하노이 중심 북베트남 시장 공략",롯데마트가 26일 베트남 북부 하노이시 꺼우져이군에 베트남 14호점이자 글로벌 183호점인 ‘꺼우져이(CAU GIAY)점’을 오픈했다.
"롯데마트, 베트남 ‘꺼우져이점’ 오픈…하노이 중심 북베트남 시장 공략","‘꺼우져이점’은 레지던스, 오피스, 쇼핑몰 등이 입점해 있는 복합 쇼핑몰인 ‘디스커버리 슈퍼센터’ 건물 지하 1층에 임차면적 1289평 규모로 들어서며, 매장면적은 840평 규모이다."
"롯데마트, 베트남 ‘꺼우져이점’ 오픈…하노이 중심 북베트남 시장 공략","1인가구, 레시던스를 고려해 상품은 고선도 식품기반의 생활밀착형 마켓으로 운영하게 된다. 안전, 위생 등을 중시하는 소비자 기호를 반영해 냉장 중심의 소용량 패키지고선도 식품 및 바로 간편하게 데워 먹을 수 있는 RTC, RTH 상품을 취급한다."
"롯데마트, 베트남 ‘꺼우져이점’ 오픈…하노이 중심 북베트남 시장 공략","특히, 상품의 선도를 위해 신선식품의 35% 가량은 하노이 인근에서 수확한 상품을 취급하는 로컬소싱으로 준비한 것이 특징이다."
"롯데마트, 베트남 ‘꺼우져이점’ 오픈…하노이 중심 북베트남 시장 공략","‘꺼우져이점’은 상권 2km 반경에 ‘하노이 국립대학교’, ‘하노이 정치대’ 등 총 7개의 대학교가 밀집해 있다."
"롯데마트, 베트남 ‘꺼우져이점’ 오픈…하노이 중심 북베트남 시장 공략","대학생을 타깃으로 하는 상품군도 강화했다. 도시락, 베이커리, 피자 등 부담 없는 가격으로 식사를 할 수 있는 델리카 코너를 강화하고 베트남 상품 외에 한국, 미국, 유럽 상품 등 글로벌 상품을 모아 판매하는 인터내셔널 존을 구성해 색다른 쇼핑을 재미를 느끼게 했다."
"롯데마트, 베트남 ‘꺼우져이점’ 오픈…하노이 중심 북베트남 시장 공략","또한, 대학생을 위한 화장품 코너를 별도로 구성해 상품 테스트 및 안내를 받을 수 있는 공간을 마련했다."
"롯데마트, 베트남 ‘꺼우져이점’ 오픈…하노이 중심 북베트남 시장 공략","롯데마트는 젊은 고객층을 대상으로 페이스북, 유튜브 등의 SNS마케팅에 집중하겠다는 방침이다."
"롯데마트, 베트남 ‘꺼우져이점’ 오픈…하노이 중심 북베트남 시장 공략","‘꺼우져이점’은 하노이센터점, 동다점에 이어 베트남 북부지역인 하노이에 세 번째로 문을 여는 매장이다. 지금까지 베트남에 진출한 롯데마트 대부분의 점포는 상업 시설이 집중된 호치민시를 중심으로 하는 남베트남에 집중돼 있다."
"롯데마트, 베트남 ‘꺼우져이점’ 오픈…하노이 중심 북베트남 시장 공략",롯데마트는 1000평가량의 중형점포 운영으로 남베트남보다 상대적으로 구매력이 떨어지는 북베트남을 공략하겠다는 전략이다.
"롯데마트, 베트남 ‘꺼우져이점’ 오픈…하노이 중심 북베트남 시장 공략","롯데마트는 오픈 후 1달 동안 ‘Shocking Price 상품’ 운영을 통해 식용유, 기저귀 등의 가격민감 생필품을 엄선해 초특가로 선보임으로써 최저 가격 이미지를 공고히 할 방침이다."
"롯데마트, 베트남 ‘꺼우져이점’ 오픈…하노이 중심 북베트남 시장 공략","또한, 고객 충성도를 확보하고 지역 랜드마크(Landmark) 이미지를 확보하기 위해 롯데 멤버스와 함께 회원 모집 및 타깃마케팅을 진행하고 있다. 신규멤버스 고객에게는 최대 49%까지 상품 할인을 받을 수 있도록 멤버스 회원혜택을 확대한다."
"롯데마트, 베트남 ‘꺼우져이점’ 오픈…하노이 중심 북베트남 시장 공략",강민호 롯데마트 베트남법인장은 “꺼우져이점은 1호점 남사이공점 오픈 후 10년간 베트남사업을 성공적으로 진행해 온 롯데마트의 역량이 집약화 된 매장”이라며 “올해에도 호치민과 하노이를 중심으로 북베트남과 남베트남에 출점을 가속화할 계획”이라고 말했다.
"롯데마트, 베트남 ‘꺼우져이점’ 오픈…하노이 중심 북베트남 시장 공략","한편, 이로써 롯데마트는 인도네시아 46개 점포를 비롯해 베트남 14개점, 국내 123개 점포를 합쳐 3개국에서 총 183개 매장을 운영하게 된다."
"롯데마트, 하노이에 베트남 14호점 ‘꺼우져이점’ 오픈","롯데마트에 따르면 꺼우져이점은 레지던스, 오피스, 쇼핑몰 등이 입점해 있는 복합 쇼핑몰인 ‘디스커버리 슈퍼센터’ 건물 지하 1층에 임차면적 4260㎡ 규모로 들어섰다. 매장면적은 2776㎡ 규모다."
"롯데마트, 하노이에 베트남 14호점 ‘꺼우져이점’ 오픈","1인 가구와 레지던스 이용객을 고려해 상품은 고선도 식품 기반으로 꾸몄다. 특히, 상품의 선도를 위해 신선식품의 35% 가량은 하노이 인근에서 수확한 상품을 취급하는 로컬소싱으로 준비한 것이 특징이다."
"롯데마트, 하노이에 베트남 14호점 ‘꺼우져이점’ 오픈","꺼우져이점은 상권 2km 반경에 ‘하노이 국립대학교’, ‘하노이 정치대’ 등 총 7개의 대학교가 밀집해 있는만큼 대학생을 겨냥한 상품군도 강화했다."
"롯데마트, 하노이에 베트남 14호점 ‘꺼우져이점’ 오픈","도시락, 베이커리, 피자 등 부담없는 가격으로 식사를 할 수 있는 델리카 코너를 강화하고 베트남 상품 외에 한국, 미국, 유럽 등 글로벌 상품을 모아 판매하는 인터내셔널 존을 구성했다. 대학생을 위한 화장품 코너도 별도로 구성해 상품 테스트 및 안내를 받을 수 있는 공간을 마련했다. 롯데마트는 젊은 고객층을 대상으로 페이스북, 유튜브 등의 사회관계망서비스(SNS) 마케팅에 집중하겠다는 방침이다."
"롯데마트, 하노이에 베트남 14호점 ‘꺼우져이점’ 오픈","꺼우져이점은 하노이센터점, 동다점에 이어 베트남 북부지역인 하노이에 세 번째로 문을 여는 매장이다. 지금까지 베트남에 진출한 롯데마트 대부분의 점포는 상업 시설이 집중된 호치민시를 중심으로 하는 남베트남에 집중됐다."
"롯데마트, 하노이에 베트남 14호점 ‘꺼우져이점’ 오픈",롯데마트는 3305㎡ 가량의 중형점포를 운영해 남베트남보다 상대적으로 구매력이 떨어지는 북베트남을 공략하겠다는 전략이다.
"롯데마트, 하노이에 베트남 14호점 ‘꺼우져이점’ 오픈","롯데마트는 개점 한 달간 ‘쇼킹 프라이스 상품’을 통해 식용유, 기저귀 등의 가격민감 생필품을 엄선해 초특가로 선보임으로써 최저 가격 이미지를 공고히 할 방침이다. 또한 충성 고객과 지역 랜드마크 이미지를 확보하기 위해 롯데 멤버스와 함께 회원 모집 및 타깃 마케팅에 나섰다. 신규 멤버스 고객에게는 최대 49%까지 상품 할인을 받을 수 있도록 멤버스 회원혜택을 확대한다."
"롯데마트, 하노이에 베트남 14호점 ‘꺼우져이점’ 오픈",강민호 롯데마트 베트남 법인장은 “꺼우져이점은 1호점 남사이공점 오픈 후 10년간 베트남 사업을 성공적으로 진행해 온 롯데마트의 역량이 집약된 매장”이라며 “올해에도 호치민과 하노이를 중심으로 북베트남과 남베트남에 출점을 가속화할 계획”이라고 말했다.
"롯데마트, 베트남 하노이에 14번째 점포 '꺼우져이점' 열어",(서울=뉴스1) 신건웅 기자 = 롯데마트는 베트남 북부 하노이시 꺼우져이군에 현지 14호점이자 글로벌 185호점인 '꺼우져이(CAU GIAY)점'을 연다고 26일 밝혔다.
"롯데마트, 베트남 하노이에 14번째 점포 '꺼우져이점' 열어","꺼우져이점은 레지던스와 오피스·쇼핑몰 등이 입점한 '디스커버리 슈퍼센터' 건물 지하 1층에 1289평 규모로 들어서며, 매장면적은 840평 규모다."
"롯데마트, 베트남 하노이에 14번째 점포 '꺼우져이점' 열어",롯데마트는 꺼우져이점을 고선도 식품기반의 생활밀착형 마켓으로 운영할 예정이다. 특히 안전과 위생 등을 중시하는 소비자 기호를 반영해 냉장 중심의 소용량 패키지 고선도 식품과 바로 간편하게 데워 먹을 수 있는 RTC·RTH 상품을 취급한다. 상품의 선도를 위해 신선식품의 35% 가량은 하노이 인근에서 수확한 상품을 취급하는 로컬소싱으로 준비했다.
"롯데마트, 베트남 하노이에 14번째 점포 '꺼우져이점' 열어","또 상권 2㎞ 반경에 '하노이 국립대학교'와 '하노이 정치대' 등 총 7개의 대학교가 밀집한 점을 고려해 맞춤형 상품도 강화했다. 도시락과 베이커리 등을 부담 없는 가격으로 식사를 할 수 있는 델리카 코너를 강화하고, 글로벌 상품을 모아 판매하는 인터내셔널 존을 구성했다."
"롯데마트, 베트남 하노이에 14번째 점포 '꺼우져이점' 열어","오픈 후 한 달 동안은 'Shocking Price 상품' 운영을 통해 식용유와 기저귀 등의 가격 민감 생필품을 엄선, 초특가로 선보여 최저 가격 이미지를 공고히 할 방침이다."
"롯데마트, 베트남 하노이에 14번째 점포 '꺼우져이점' 열어","아울러 고객 충성도를 확보하고 지역 랜드마크(Landmark) 이미지를 확보하기 위해 롯데 멤버스와 함께 회원 모집, 타깃마케팅을 진행한다. 신규멤버스 고객에게는 최대 49%까지 상품 할인을 받을 수 있도록 멤버스 회원혜택을 확대한다."
"롯데마트, 베트남 하노이에 14번째 점포 '꺼우져이점' 열어","강민호 롯데마트 베트남법인장은 ""꺼우져이점은 1호점 남사이공점 오픈 후 10년간 베트남사업을 성공적으로 진행해 온 롯데마트의 역량을 집약한 매장""이라며 ""올해에도 호치민과 하노이를 중심으로 북베트남과 남베트남에 출점을 가속화할 계획""이라고 말했다."
"롯데마트, 베트남 14호점 오픈…해외 출점 가속화",롯데마트 꺼우져이(CAU GIAY)점은 베트남 14호점이자 글로벌 183호점으로 레지던스와 오피스 등이 입점한 복합 쇼핑몰 '디스커버리 슈퍼센터' 건물 지하 1층에 840평 규모로 들어선다.
"롯데마트, 베트남 14호점 오픈…해외 출점 가속화",롯데마트는 매장이 위치한 건물 레지던스에 1인 가구가 많이 거주하고 있고 상권 2km 반경에 하노이 국립대학교와 하노이 정치대 등 7개 대학이 밀집해 있다는 점을 고려해 꺼우져이점을 고 선도 식품을 기반으로 한 생활밀착형 마켓으로 운영할 예정이다.
"롯데마트, 베트남 14호점 오픈…해외 출점 가속화",냉장 중심의 소용량 패키지 상품과 간편하게 데워 먹을 수 있는 상품을 주로 취급하고 특히 신선도 유지를 위해 신선식품의 35%를 하노이 인근 수확물로 준비했다.
"롯데마트, 베트남 14호점 오픈…해외 출점 가속화",대학생을 겨냥한 상품군도 강화했다.
"롯데마트, 베트남 14호점 오픈…해외 출점 가속화","도시락이나 베이커리, 피자 등 부담 없는 가격으로 즐길 수 있는 '델리카 코너'를 강화하고 한국과 미국, 유럽 상품을 모아 파는 인터내셔널 존과 대학생을 위한 화장품 판매대도 별도로 구성했다."
"롯데마트, 베트남 14호점 오픈…해외 출점 가속화",젊은 고객층을 위해 페이스북과 유튜브 등 사회관계망서비스(SNS) 마케팅에도 집중하기로 했다.
"롯데마트, 베트남 14호점 오픈…해외 출점 가속화",롯데마트는 개점 후 한 달간 식용유와 기저귀 등 생필품을 초특가로 선보이는 '쇼킹 가격 상품(Shocking Price)'을 운영해 최저가 상품을 판매한다는 이미지를 굳힐 방침이다.
"롯데마트, 베트남 14호점 오픈…해외 출점 가속화",또 롯데 멤버스 신규 가입 고객에게 최대 49%의 할인 혜택을 제공하는 등 마케팅 강화를 통해 충성 고객을 확보하고 지역 랜드마크 이미지도 확보해나갈 계획이다.
"롯데마트, 베트남 14호점 오픈…해외 출점 가속화","강민호 롯데마트 베트남법인장은 ""꺼우져이점은 10년간 베트남 사업을 성공적으로 진행해 온 롯데마트의 역량이 집약된 매장""이라며 ""올해에도 호찌민과 하노이를 중심으로 출점을 가속할 계획""이라고 말했다."
"롯데마트, 베트남 14호점 오픈…해외 출점 가속화","롯데마트는 인도네시아에 46개 점포를 낸 것을 비롯해 베트남 14개, 국내 123개 등 3개국에서 183개 점포를 운영하고 있다."
"롯데멤버스, 제5회 엘포인트 빅데이터 컴피티션 시상식",[아시아경제 조목인 기자]롯데멤버스는 서울 중구 롯데멤버스 본사에서 '제5회 엘포인트 빅데이터 컴피티션 시상식'을 개최했다고 25일 밝혔다.
"롯데멤버스, 제5회 엘포인트 빅데이터 컴피티션 시상식",엘포인트 빅 데이터 컴피티션 시상식은 통합멤버십 서비스 엘포인트에서 제공한 빅데이터를 활용하여 주제에 맞는 콘텐츠를 제안하는 공모전이다. 급변하는 디지털 생태계 속에서 차별화된 가치를 창출하고 빅데이터 분석 전문가를 발굴하는 것이 목표다.
"롯데멤버스, 제5회 엘포인트 빅데이터 컴피티션 시상식","이번 대회는 고객들의 온라인 행동을 기반으로 한 트렌드를 예측을 주제로 진행됐다. 총 674개 팀이 참가했으며 대상은 'WeR(이현재, 손동희, 한대룡)'팀이 차지했다. 이 팀은 온라인 선호지수를 통해 트렌드를 예측하고 패션 엘트렌드 서비스를 새롭게 구축했다. 추천 시스템과 가상 피팅 서비스의 선순환 구조를 만들고, 사용자들의 행동 데이터를 활용해 의상 선호 조합, 잠재 조합 등 새로운 기능을 고안해 냈다. 최우수상에는 'Last Chance Of Park'팀과 '엘쓰리'팀, 우수상에는 'Gingko'팀, '계획대로되고있어'팀, '엘바트로스'팀이 선정됐다. 이들은 소비자들의 온라인 행동 기반을 토대로 실용적인 서비스를 제안한 점에서 큰 호응을 이끌어 냈다."
"롯데멤버스, 제5회 엘포인트 빅데이터 컴피티션 시상식","수상팀에게는 대상 300만원(1팀), 최우수상 200만원(2팀), 우수상 100만원(3팀)의 상금이 주어지고, 본선 참가팀 전원에게는 5만 엘포인트를 지급할 예정이다. 더불어 수상자에게는 올해 롯데그룹 주관 채용 시 서류전형 면제 혜택이 특전으로 제공된다."
"롯데멤버스, 제5회 엘포인트 빅데이터 컴피티션 시상식","롯데멤버스 황윤희 빅데이터부문장은 ""해를 거듭할수록 우수한 아이디어의 참가자들이 적극 참여해 대회의 수준이 매우 높아졌다. 실제 통계 직군 선발 시 공채 입사자 중 20%가 빅데이터 컴피티션 출신으로, 올해에도 장래가 기대되는 유망주들을 다수 발견할 수 있었다""면서 ""앞으로도 다양한 최신 분석 기법을 활용해 고객 입장에서 빅데이터의 가치를 발견하기 위해 노력하며 차세대 빅데이터 분석 전문가를 양성하고 유통 데이터 연구를 활성화하는데 앞장설 것""이라고 전했다."
"항공사 마일리지, 난 땅에서 쌓는다","OK캐쉬백, 엘포인트, 해피포인트 등 국내 주요 멤버십 서비스들이 제휴가맹점과 포인트 사용처를 늘리며 공격적인 마케팅을 펼치고 있다. 롯데멤버스의 엘포인트와 SPC그룹의 해피포인트 등 대기업 계열의 멤버십 서비스 업체들은 원래 자사 계열사에서만 포인트 적립 및 사용이 가능했지만 몇 년 전부터 개방적인 마일리지 서비스 정책을 펴며 제휴가맹점을 늘리고 있다."
"항공사 마일리지, 난 땅에서 쌓는다","그 결과 엘포인트는 항공사(대한항공, 아시아나항공), 주유소(S-OIL), 웹툰(레진코믹스, 투믹스), 배달앱(배달의민족), 서점(교보문고, 영풍문고), 인터넷강의(YBM NET) 등 생활밀착형 분야로 제휴영역을 넓히고 있다. 엘포인트는 2017년 대학 캠퍼스 내 롯데칠성 자판기에서도 엘포인트를 사용할 수 있는 서비스를 선보였다. 롯데멤버스 관계자는 “소액의 엘포인트를 갖고 있는 20대 회원들이 다방면으로 엘포인트를 쓸 수 있도록 시작한 서비스”라고 말했다."
"항공사 마일리지, 난 땅에서 쌓는다","해피포인트도 파리바게뜨, 배스킨라빈스, 던킨도너츠 등 SPC그룹 계열사 가맹점뿐만 아니라 GS25, 지마켓 등 다양한 인터넷 쇼핑몰과 문화생활(메가박스, 국립현대미술관), 체험(키자니아) 등 지속적으로 제휴처를 확대하고 있다."
"항공사 마일리지, 난 땅에서 쌓는다","소비자들은 마땅한 사용처를 찾지 못해 잠자고 있는 포인트를 알뜰하게 활용할 수 있게 됐다. 현금을 포인트로 전환하는 것도 가능해져 일부 소비자는 부족한 포인트를 현금으로 충전해 사용하기도 한다. 멤버십 서비스 업체도 소비자가 포인트를 좀 더 적극적으로 적립 및 활용할 수 있도록 새 기능을 추가하고 있다. 포인트를 다른 사람에게 선물하거나 친구 및 가족과 함께 쓰는 기능이 대표적인 예다. 포인트를 타사 포인트로 전환하는 서비스도 대중화되고 있다. OK캐쉬백은 하나머니, 신세계포인트, 아모레퍼시픽 뷰티포인트, 컬쳐캐쉬, 더페이스샵, 삼성전자 포인트로 언제든 전환이 가능하다."
"항공사 마일리지, 난 땅에서 쌓는다","국내 멤버십 서비스 업체들이 제휴가맹점과 사용처를 확장하는 이유는 포인트의 적립 및 사용을 통해 고객의 개인정보와 구매성향을 파악하고 이를 마케팅에 활용하기 위해서다. 구매를 통해 포인트를 모으고, 자투리 포인트를 쓰는 동안 축적된 데이터만큼 소비자의 구매 패턴을 정확하게 알 수 있는 ‘알짜 정보’는 없기 때문이다."
"항공사 마일리지, 난 땅에서 쌓는다","여러 계열사에서 통합 멤버십을 운영하는 롯데, CJ, SPC 등 유통 기업들은 고객에게 포인트를 지급하는 동시에 고객의 구매정보를 축적하고 이를 분석하고 있다. OK캐쉬백 관계자는 “포인트 제도를 통해 축적한 데이터는 타깃 마케팅을 위한 더욱 정밀한 정보를 담고 있다”며 “이를 기업의 데이터 마케팅에 활용할 수 있게 하는 새로운 사업 모델을 개발하고 있다”고 말했다."
"[단독] ""스타벅스코리아가 특허 침해"" 수천억대 전자영수증 시장 소송전","탐앤탐스, 롯데멤버스, LG유플러스 등 대형사 전자영수증 사업을 대행하는 정보기술(IT) 스타트업 더리얼마케팅(대표 손종희)이 스타벅스코리아를 상대로 특허 침해 소송을 제기했다."
"[단독] ""스타벅스코리아가 특허 침해"" 수천억대 전자영수증 시장 소송전",최근 간편결제를 이용하는 사용자가 늘면서 종이영수증 대신 전자영수증을 발급하는 사례가 늘고 있다. 수천억원 규모의 전자영수증 사업을 둘러싼 첫 대형 특허 소송전이다.
"[단독] ""스타벅스코리아가 특허 침해"" 수천억대 전자영수증 시장 소송전",양사는 법무법인을 선임하고 소송전에 들어갔다.
"[단독] ""스타벅스코리아가 특허 침해"" 수천억대 전자영수증 시장 소송전",14일 법조계와 업계에 따르면 더리얼마케팅은 특허법인 인벤싱크를 법률대리인으로 선임하고 스타벅스코리아 대상으로 특허침해 소송을 서울중앙지방법원에 제기했다.
"[단독] ""스타벅스코리아가 특허 침해"" 수천억대 전자영수증 시장 소송전","본지가 입수한 내용증명과 소장을 보면 더리얼마케팅은 스타벅스 애플리케이션(앱) 내 전자영수증 서비스가 자사가 특허 출원한 '전자영수증 발급 방법' 특허권을 침해, 큰 피해를 보고 있다고 주장했다. 더리얼마케팅은 스타벅스 앱 전자영수증 서비스 사용과 양도 및 대여를 금지하고, 위반 행위 하루당 100만원을 지급해 달라는 내용을 소장에 기록했다."
"[단독] ""스타벅스코리아가 특허 침해"" 수천억대 전자영수증 시장 소송전",손종희 더리얼마케팅 대표는 “특허법인 등을 통해 스타벅스코리아가 2011년 전자영수증을 처음 선보인 자사 특허의 무단 도용 가능성을 확인했다”면서 “연간 700억원에 이르는 로열티를 해외에 주고 있는 대기업의 아이디어 베끼기에 경종을 울리기 위해 소송을 제기했다”고 소송 배경을 설명했다.
"[단독] ""스타벅스코리아가 특허 침해"" 수천억대 전자영수증 시장 소송전","스타벅스코리아도 소송전에 대비, 법무법인 태평양을 법률 대리인으로 선임하고 법적 대응에 들어갔다."
"[단독] ""스타벅스코리아가 특허 침해"" 수천억대 전자영수증 시장 소송전","더리얼마케팅은 2011년 10월 전자영수증 발급방법에 관한 특허(제10-1255142호)를 출원, 등록했다. 물품 구매나 서비스를 제공받은 후 고객 이동 단말로 결제 내역이 포함된 전자영수증과 정보를 발급하는 방식이다."
"[단독] ""스타벅스코리아가 특허 침해"" 수천억대 전자영수증 시장 소송전","특허는 △개인 식별 정보를 포함하는 전자영수증 발급 회원으로 가입 정보를 입력 △가입 시 개인 식별 키로 바코드나 QR코드를 생성, 고객 이동 단말에 전송 △바코드나 QR코드를 읽어 전송 후 결제 승인을 요청 △결제 건별로 개별 인증번호 생성 △전자영수증 발급 안내 데이터를 해당 고객 이동 단말로 전송 △결제 내역에 대한 전자영수증을 생성, 저장 △전자영수증 정보를 백업 저장하는 것을 포함한 전자영수증 제공 방법에 관한 것이다."
"[단독] ""스타벅스코리아가 특허 침해"" 수천억대 전자영수증 시장 소송전",이 모든 과정을 스타벅스코리아가 특허 침해했다는 주장이다.
"[단독] ""스타벅스코리아가 특허 침해"" 수천억대 전자영수증 시장 소송전","이에 스타벅스코리아 법률대리인인 태평양은 더리얼마케팅 주장이 어떤 침해에 해당되는지 파악하기 어렵고, 자의적 해석을 통해 특허 침해를 주장하는 지극히 부당한 결론을 도출했다고 반박했다."
"[단독] ""스타벅스코리아가 특허 침해"" 수천억대 전자영수증 시장 소송전","태평양은 “QR코드는 가입 단계에서 인증 서버로부터 생성되는 것이 아니라 고객이 결제를 할 때마다 새롭게 생성, 10분 동안만 유효한 결제 수단에 불과하다”면서 “개인 식별 키인 대상 특허의 바코드나 QR코드와는 애초부터 성격이 전혀 다르다”고 맞섰다. 태평양은 “몇가지 주요 구성과 기술적 특징만을 보더라도 특허 침해에 해당되지 않기 때문에 근거 없는 특허권 침해 주장을 지속할 경우 스타벅스코리아도 권리 범위 확인 심판 및 무효 심판 등 조치를 취하겠다”고 말했다."
"[단독] ""스타벅스코리아가 특허 침해"" 수천억대 전자영수증 시장 소송전","반면에 더리얼마케팅 법률대리인 인벤싱크는 “특허권을 침해하고 있는 스타벅스코리아는 앱 서비스를 자진해서 중지, 과거 침해분에 대해 배상하고 향후 특허 침해 행위를 하지 않겠다는 각서를 제출해야 한다”고 주장했다."
"[단독] ""스타벅스코리아가 특허 침해"" 수천억대 전자영수증 시장 소송전",한편 더리얼마케팅은 스타벅스 외에 SPC 등 전자영수증을 도입한 가맹점 대상으로도 법적 소송 여부를 검토하고 있다. 최근 대형 유통사와 프렌차이즈가 전자영수증을 잇달아 도입하고 있어 이번 판결에 따라 대규모 소송전이 잇따를 가능성도 있다.
"[단독] ""스타벅스코리아가 특허 침해"" 수천억대 전자영수증 시장 소송전","전자영수증은 모바일 결제, 카드포인트, 현금까지 매장에서 사용되는 모든 결제 수단에 구매 품목이 포함된 영수증을 발행하는 서비스다. 구매처, 구매 시기, 구매 품목, 지출 금액 등 빅데이터 추출이 가능하고 종이 영수증을 대체할 수 있어 주요 유통점 등에서 도입하고 있다."
"롯데멤버스 ""엘포인트로 밸런타인 데이 '소확행' 선물하세요""",[아시아경제 이지은 기자]롯데멤버스는 밸런타인 데이를 앞두고 사랑하는 연인과 지인들을 위한 소확행(소소하지만 확실한 행복)프로모션을 진행한다고 13일 밝혔다.
"롯데멤버스 ""엘포인트로 밸런타인 데이 '소확행' 선물하세요""",세븐일레븐과 함께 '밸런타인 데이 기념 엘포인트 적립 이벤트'도 마련했다. 이달 14일까지 세븐일레븐에서 초콜릿 상품을 엘페이 비씨카드로 결제한 고객들에게 결제금액의 60%를 엘포인트로 적립해준다. 오는 15일부터 28일까지는 세븐일레븐에서 딸기 관련 상품을 엘페이 비씨카드로 결제할 경우 결제 금액의 60%를 엘포인트로 적립해준다.
"롯데멤버스 ""엘포인트로 밸런타인 데이 '소확행' 선물하세요""","이승준 롯데멤버스 마케팅부문장은 ""밸런타인 데이에 부담스러운 선물보다 손쉽게 마음을 표현할 수 있는 선물들로 주변 사람들에게 감사와 사랑을 표현하길 바란다""며 ""앞으로도 모바일에서 즐길 수 있는 다양한 이벤트와 서비스를 통해 고객들에게 실속 있는 혜택을 제공하도록 노력할 것""이라고 밝혔다."
"롯데百 ""결혼 준비도 '나심비'""…올 첫 웨딩 페어",[아시아경제 성기호 기자] 롯데백화점이 봄 시즌을 맞아 결혼을 준비하는 예비부부들을 위한 올해 첫 웨딩 페어를 연다.
"롯데百 ""결혼 준비도 '나심비'""…올 첫 웨딩 페어","롯데백화점은 최근 자신만의 취향이 확고한 2030 세대의 소비 트렌드를 반영, 이번 웨딩 페어의 테마를 ‘올 마이 웨딩(All my wedding)’으로 선정했다고 13일 밝혔다.  최근 ‘나심비(만족도 높은 소비)’ 위주의 소비를 하는 2030세대가 한 번 사면 오랫동안 사용해야 하는 혼수품들에 돈을 아끼지 않으려는 경향을 반영한 것이다."
"롯데百 ""결혼 준비도 '나심비'""…올 첫 웨딩 페어","롯데백화점은 ‘올 마이 웨딩’ 웨딩페어 행사 중 삼성전자의 ‘무풍에어컨’을 590만원에 판매한다. ‘무선청소기 제트’를 128만원, 소파 전문 브랜드 ‘자코모’의 4인 스툴형 소파를 293만원, 가구 브랜드 ‘본톤’의 원목 4인 식탁세트를 39만 9000원에 선보인다."
"롯데百 ""결혼 준비도 '나심비'""…올 첫 웨딩 페어","또한, 유럽 매트리스 브랜드 ‘템퍼’에서는 오는 15일부터 3월3일까지 전 상품 15%할인 판매와 함께 추가 5%의 금액할인을 진행한다. 침구 브랜드 ‘에이스’에서는 24일까지 롯데 웨딩멤버스에 가입한 모든 고객에게 침대 행사상품 구매시 10만원 추가 금액할인을 진행하며, 200만~300만원 이상 구매시 ‘내셔널 지오그래픽’ 백팩과 20인치 캐리어 증정 행사를 연다."
"롯데百 ""결혼 준비도 '나심비'""…올 첫 웨딩 페어","김대수 롯데백화점 마케팅본부장은 “시대의 변화에 따라 고객들의 웨딩 소비 선호도도 다양하게 변화하고 있는 것으로 나타났다”며, “이러한 고객들의 변화를 감지해 고객들이 선호하는 웨딩 서비스를 선보일 예정”이라고 말했다."
"롯데멤버스, 11개 부문에서 경력직 공개 채용 실시",(서울=뉴스1) 신건웅 기자 = L.POINT 멤버십과 간편결제 L.pay를 운영하는 롯데멤버스는 오는 17일까지 2019년 상반기 경력사원 공개채용에 나선다고 12일 밝혔다.
"롯데멤버스, 11개 부문에서 경력직 공개 채용 실시",이번 채용 분야는 Δ홍보 Δ모바일 서비스 Δ간편결제 Δ빅데이터 ΔAI 신사업 ΔPG제휴영업 Δ분석 컨설팅 등 총 11개 부문이다.
"롯데멤버스, 11개 부문에서 경력직 공개 채용 실시","부문별 자격요건과 우대사항은 상이하며, 롯데멤버스 채용 홈페이지를 통해 채용과 관련된 상세 내용을 확인할 수 있으며, 서류 접수는 오는 17일까지 채용 홈페이지의 온라인 입사 지원을 통해 이루어진다."
"롯데멤버스, 11개 부문에서 경력직 공개 채용 실시","서류전형 합격자에 한해 팀장면접, 인성검사가 포함된 1차 전형이 진행된다. 이후 평판조회(2차 전형)와 임원면접(3차 전형)을 거쳐 최종 합격자가 선발될 예정이다."
"롯데멤버스, 11개 부문에서 경력직 공개 채용 실시",채용에 관련된 자세한 내용은 롯데멤버스 채용 홈페이지를 참고하면 된다.
"롯데멤버스, 상반기 경력직 공개 채용…오는 17일까지 접수",롯데멤버스는 오는 17일까지 2019년 상반기 경력사원 공개채용에 나선다고 12일 밝혔다.
"롯데멤버스, 상반기 경력직 공개 채용…오는 17일까지 접수","채용 분야는 홍보, 모바일 서비스, 간편결제, 빅데이터, AI 신사업, PG제휴영업, 분석 컨설팅 등 11개 부문이다. 롯데멤버스는 빅데이터 분석 및 모델링, AI 신사업 기획 등 4차 산업 시대에 필수적인 다양한 직군에서 경험과 역량을 갖춘 인재를 모집한다."
"롯데멤버스, 상반기 경력직 공개 채용…오는 17일까지 접수",각 부문 별 자격요건과 우대사항은 상이하다. 롯데멤버스 채용 홈페이지에서 채용과 관련된 상세 내용을 확인할 수 있으며 서류 접수는 오는 17일까지 채용 홈페이지의 온라인 입사 지원을 통해 이루어진다.
"롯데멤버스, 상반기 경력직 공개 채용…오는 17일까지 접수","서류전형 합격자에 한해 팀장면접, 인성검사가 포함된 1차 전형이 진행되며 이후 평판조회(2차 전형)와 임원면접(3차 전형)을 거쳐 최종 합격자가 선발될 예정이다."
"롯데멤버스, 상반기 경력직 공개 채용…오는 17일까지 접수","롯데멤버스는 QR결제를 도입한 L.pay와 엘포인트 멤버십 플랫폼을 활용한 모바일 서비스에 주력하고 있으며 AI, PG 등 온라인 커머스와 시너지를 창출하기 위해 다양한 사업을 모색하고 있다. 또한 오픈 플랫폼과 빅데이터 포털로 고객과 파트너사를 위한 빅데이터 정보를 공유하고 있다."
"롯데멤버스, 상반기 경력직 공개 채용…오는 17일까지 접수",또한 '창의적으로 실패에 도전하고'라는 가치를 모티브로 다양한 아이디어를 바탕으로 한 신규 서비스 인큐베이팅과 사업화를 위해 '엘챌린지'를 운영한다. Cell 조직을 운영해 팀원 간 경계를 허물고 혁신적인 아이디어를 낼 수 있는 분위기 조성은 물론 그에 따른 인센티브도 제공할 방침이다.
"롯데멤버스, 17일까지 상반기 경력직 공개 채용",3900만 L.POINT 멤버십과 간편결제 L.pay를 운영하는 롯데멤버스는 오는 17일까지 2019년 상반기 경력사원 공개채용에 나선다고 12일 밝혔다.
"롯데멤버스, 17일까지 상반기 경력직 공개 채용","이번 채용 분야는 ▲홍보 ▲모바일 서비스 ▲간편결제 ▲빅데이터 ▲AI 신사업 ▲PG제휴영업 ▲분석 컨설팅 등 총 11개 부문이다. 롯데멤버스는 빅데이터 분석 및 모델링, AI 신사업 기획 등 4차 산업혁명 시대에 필수적인 다양한 직군에서 경험과 역량을 갖춘 인재를 모집 중이다."
"롯데멤버스, 17일까지 상반기 경력직 공개 채용","각 부문 별 자격요건과 우대사항은 상이하다. 롯데멤버스 채용 홈페이지를 통해 채용과 관련된 상세 내용을 확인할 수 있으며, 서류 접수는 오는 17일까지 채용 홈페이지의 온라인 입사 지원을 통해 이뤄진다."
"롯데멤버스, 17일까지 상반기 경력직 공개 채용","서류전형 합격자에 한해 팀장면접, 인성검사가 포함된 1차 전형이 진행되며, 이후 평판조회(2차 전형)와 임원면접(3차 전형)을 거쳐 최종 합격자가 선발될 예정이다."
"롯데멤버스, 17일까지 상반기 경력직 공개 채용","롯데멤버스는 QR결제를 도입한 L.pay와 엘포인트 멤버십 플랫폼을 활용한 모바일 서비스에 주력하고 있으며, AI, PG 등 온라인 커머스와의 시너지를 창출하기 위해 다양한 사업을 모색하고 있다. 또한 오픈 플랫폼과 빅데이터 포털을 통해 고객과 파트너사를 위한 빅데이터 정보를 공유하고 있다."
"롯데멤버스, 17일까지 상반기 경력직 공개 채용","또한 ‘창의적으로 실패에 도전하고’라는 핵심가치를 모티브로, 다양한 아이디어를 바탕으로 한 신규 서비스 인큐베이팅과 사업화를 위해 ‘엘챌린지(L.Challenge)’를 운영한다. Cell 조직을 운영해 팀원 간 경계를 허물고, 혁신적인 아이디어를 낼 수 있는 분위기를 조성은 물론, 그에 따른 인센티브로 제공할 방침이다."
신용ㆍ체크카드 결제 알림도 카카오톡으로,-스미싱ㆍ해킹 위협 최소화 
신용ㆍ체크카드 결제 알림도 카카오톡으로,[헤럴드경제=채상우 기자] 이제 신용ㆍ체크카드 결제 알림도 카카오톡으로 받을 수 있게 된다.
신용ㆍ체크카드 결제 알림도 카카오톡으로,"카카오는 신한카드를 시작으로 신용카드사에 카카오톡 알림톡 서비스를 제공한다고 11일 밝혔다. 알림톡을 도입한 카드사 회원은 별도의 동의 과정을 거쳐 카카오톡으로 결제 알림을 받아볼 수 있게 된다. 카카오는 현대카드, 삼성카드 등과도 알림톡 도입을 위한 협의 중에 있어 카카오톡으로 결제 알림 메시지를 보내는 카드사는 점차 늘어날 전망이다."
신용ㆍ체크카드 결제 알림도 카카오톡으로,"알림톡은 카카오톡을 활용한 기업 메시지 서비스로 2만 5000여개에 달하는 주요 기업과 기관, 지자체 등에서 활용 중이다. 높은 편의성과 보안성을 바탕으로 주문/예약 내역, 배송 현황, 일정 안내와 같이 이용자에게 꼭 필요한 정보를 카카오톡으로 보내준다. 서울시, 우체국, 병무청 등에서도 각종 행정 서비스 제공을 위해 알림톡을 활용 중이다."
신용ㆍ체크카드 결제 알림도 카카오톡으로,"알림톡의 가장 큰 장점은 스미싱이나 해킹 등 보안 위협을 최소화한 것이다. 상대방의 번호를 알면 누구나 보낼 수 있는 문자 메시지와 달리, 알림톡 발신자에 대한 사전 검증과 협의를 거치기 때문이다. 콜센터나 대표번호로 전송되는 문자 메시지와 달리, 알림톡에는 발신자를 명확히 알 수 있는 기업ㆍ서비스 로고와 함께 카카오의 인증 마크가 붙는다. 메시지의 내용과 형식도 정해진 규격에 따르도록 하고 있어, 스팸을 방지하고 장문의 메시지라도 가독성을 높여 전달할 수 있다."
신용ㆍ체크카드 결제 알림도 카카오톡으로,"기업 차원에서는 알림톡을 마케팅과 연계해 시너지 효과를 내는 것도 가능하다. 이용자에게 친숙한 카카오톡으로 정보를 안내, 자사 서비스에 대한 관심을 환기시킴으로써 충성 고객을 확보하는 계기로 만들 수 있다. 실제로 롯데 멤버스의 엘포인트(L.POINT)는 알림톡 서비스를 시작한 후 카카오톡 플러스친구가 20만명 이상 증가했다. 카카오톡을 활용하면 정보 고지만으로도 이용자의 긍정적인 반응과 관심을 이끌어낼 수 있다는 것을 보여주는 사례다."
신용ㆍ체크카드 결제 알림도 카카오톡으로,"신석철 카카오 비즈파트너부문 부사장은 “카카오톡 알림톡은 사업자와 이용자 모두가 만족할 수 있는 메시징 서비스”라며, “카카오가 보유한 강력한 개인정보 보호 및 보안 정책 시스템을 적용해 신뢰성과 편의성을 동시에 기대할 수 있을 것”이라고 말했다."
"카카오, 카드 결제 알림톡 수신 서비스…""문자보다 안전""",알림톡을 도입한 카드사 회원은 별도의 동의 과정을 거쳐 기존의 문자 대신 카카오톡으로 결제 알림을 받아볼 수 있게 된다.
"카카오, 카드 결제 알림톡 수신 서비스…""문자보다 안전""","이날부터 신한카드 결제 알림을 카카오톡으로 받을 수 있고, 현대카드·삼성카드 등과도 협의 중이라고 카카오는 밝혔다."
"카카오, 카드 결제 알림톡 수신 서비스…""문자보다 안전""","카카오는 ""알림톡의 가장 큰 장점은 스미싱이나 해킹 등 보안 위협을 최소화한 것""이라며 ""상대방의 번호를 알면 누구나 보낼 수 있는 문자 메시지와 달리 알림톡 발신자에 대한 사전 검증과 협의를 거치기 때문""이라고 설명했다."
"카카오, 카드 결제 알림톡 수신 서비스…""문자보다 안전""",콜센터나 대표번호로 전송되는 문자 메시지와 달리 알림톡에는 발신자를 명확히 알 수 있는 기업·서비스 로고와 함께 카카오의 인증 마크가 붙는다.
"카카오, 카드 결제 알림톡 수신 서비스…""문자보다 안전""",또 기업 차원에서는 알림톡을 마케팅과 연계해 시너지 효과를 내는 것도 가능하다고 카카오는 설명했다.
"카카오, 카드 결제 알림톡 수신 서비스…""문자보다 안전""",일례로 롯데멤버스의 '엘포인트'는 알림톡 서비스를 시작한 후 카카오톡 플러스친구가 20만명 이상 증가했다고 카카오는 전했다.
"카카오, 카드 결제 알림톡 수신 서비스…""문자보다 안전""","신석철 카카오 비즈파트너부문 부사장은 ""카카오가 보유한 강력한 개인정보 보호 및 보안 정책 시스템을 적용해 신뢰성과 편의성을 동시에 기대할 수 있을 것""이라고 밝혔다."
"신한카드, 카톡으로 결제 메시지 전송…삼성·현대도 협의",【서울=뉴시스】이국현 기자 = 앞으로 신용카드와 체크카드 결제 알림도 카카오톡으로 받을 수 있을 것으로 보인다.
"신한카드, 카톡으로 결제 메시지 전송…삼성·현대도 협의","카카오는 11일 신한카드를 시작으로 신용카드사에 카카오톡 알림톡 서비스를 제공한다고 밝혔다. 알림톡을 도입한 카드사 회원은 별도의 동의 과정을 거쳐 카카오톡으로 결제 알림을 받아볼 수 있다. 카카오는 현대카드, 삼성카드 등과 알림톡 도입을 위한 협의 중에 있다."
"신한카드, 카톡으로 결제 메시지 전송…삼성·현대도 협의","알림톡은 카카오톡을 활용한 기업 메시지 서비스로 2만5000여개 기업과 기관, 지자체 등에서 활용하고 있다. 편의성과 보안성을 바탕으로 주문·예약 내역, 배송 현황, 일정 안내 등 정보를 카카오톡으로 보내준다. 서울시, 우체국, 병무청 등에서도 각종 행정 서비스 제공을 위해 알림톡을 활용 중이다."
"신한카드, 카톡으로 결제 메시지 전송…삼성·현대도 협의","알림톡은 스미싱이나 해킹 등 보안 위협을 최소화한 것이 특징이다. 알림톡 발신자에 대한 사전 검증과 협의를 거치고, 발신자를 명확히 알 수 있는 기업·서비스 로고와 함께 카카오의 인증 마크가 붙는다. 메시지 내용과 형식도 정해진 규격을 따르도록 하고 있어 스팸을 방지하고 장문의 메시지라도 가독성을 높여 전달할 수 있다."
"신한카드, 카톡으로 결제 메시지 전송…삼성·현대도 협의",기업은 알림톡을 마케팅과 연계해 시너지 효과를 낼 수 있다. 롯데 멤버스의 엘포인트(L.POINT)는 알림톡을 시작한 후 카톡 플러스친구가 20만명 이상 증가했다. 정보 고지만으로 이용자의 긍정적인 반응과 관심을 이끌어낼 수 있다.
"신한카드, 카톡으로 결제 메시지 전송…삼성·현대도 협의","신석철 비즈파트너부문 부사장은 ""카카오톡 알림톡은 사업자와 이용자 모두가 만족할 수 있는 메시징 서비스""라며 ""카카오가 보유한 강력한 개인정보 보호 및 보안 정책 시스템을 적용해 신뢰성과 편의성을 동시에 기대할 수 있을 것""이라고 밝혔다."
"신한카드, 카톡으로 결제 메시지 전송…삼성·현대도 협의",&lt;저작권자ⓒ 공감언론 뉴시스통신사. 무단전재-재배포 금지.&gt;
신용카드 결제 메시지도 카톡으로 받는다,카카오(035720)는 11일 신한카드를 시작으로 신용카드 카카오톡 알림톡 서비스를 제공한다고 밝혔다. 알림톡을 도입한 카드사 회원은 별도 동의 과정을 거쳐 카톡을 통해 결제 안내 메시지를 받아볼 수 있게 된다.
신용카드 결제 메시지도 카톡으로 받는다,"카카오는 현재 현대카드, 삼성카드 등과도 알림톡 도입을 위한 협의를 진행하고 있어 향후 결제 메시지를 이용할 수 있는 카드사는 늘어날 예정이다."
신용카드 결제 메시지도 카톡으로 받는다,"알림톡은 카톡을 활용한 기업 메시지 서비스로 현재 2만5000여개에 달하는 주요 기업·기관·지방자치단체 등에서 활용 중이다. 높은 편의성·보안성을 바탕으로 주문·예약 내역, 배송 현황, 일정 안내와 같은 정보를 이용자에게 카톡으로 보내준다. 서울특별시·우체국·병무청 등은 알림톡을 이용해 각종 행정 서비스 제공에 이용하고 있다."
신용카드 결제 메시지도 카톡으로 받는다,카카오 측은 기업 차원에서 알림톡을 마케팅과 연계해 시너지 효과를 내는 것이 가능하다고 설명했다. 실제 롯데멤버스 엘포인트는 알림톡 서비스 시작 후 카톡 플러스친구가 20만명 이상 증가했다.
신용카드 결제 메시지도 카톡으로 받는다,신석철 카카오 비즈파트너부문 부사장은 “카톡 알림톡은 사업자와 이용자 모두가 만족할 수 있는 메시징 서비스”라며“카카오가 보유한 강력한 개인정보 보호 및 보안 정책 시스템을 적용해 신뢰성과 편의성을 동시에 기대할 수 있을 것”이라고 밝혔다.
'결혼 안해' 비혼식 하고 '셀프 혼수' 준비하는 비혼족,"[아시아경제 조목인 기자] #직장인 한정아(34) 씨는 결혼할 생각이 없다. 주변에서 결혼후 일과 가정, 육아의 늪에 빠져 허우적대는 친구들을 많이 본 데다 현재 남자친구도 없다. 별로 외롭지도 않고 마음에 드는 사람도 없어 굳이 애인을 만들 생각도 없다. 한 씨는 대기업 직장생활 10년차다. 업무상 스트레스가 있긴 하지만 현재의 급여나 워라밸 수준에 충분히 만족하고 있다. 다만 자꾸 선자리를 알아보며 결혼을 재촉하는 부모님께 못을 박아두기 위해 가족과 지인을 불러 공식적으로 '비혼식'을 할 생각이다."
'결혼 안해' 비혼식 하고 '셀프 혼수' 준비하는 비혼족,결혼이 필수가 아닌 선택인 시대를 넘어 앞으로 결혼을 하지 않겠다고 밝히는 '비혼족'이 늘고 있다. 특히 요즘 젊은이들 사이에서 가족과 지인을 불러 비혼 의사를 전달하는 비혼식에 대한 관심이 높다. 비혼족들이 자신을 위해 고가의 제품을 구매하는 이른바 '셀프 혼수'도 늘고 있다.
'결혼 안해' 비혼식 하고 '셀프 혼수' 준비하는 비혼족,"롯데멤버스가 최근 발표한 '2019 웨딩리포트'에 따르면(엘포인트 리서치 플랫폼 라임) 향후 1년간 결혼 계획이 없다고 답한 20~30대 미혼 남녀 중 81.6%가 확고한 결혼 의지가 없었다. 꼭 결혼을 하겠다는 응답은 6.4%에 불과했다. 비혼의 이유로는 '결혼하고 싶은 사람이 없어서'라는 응답이 33.3%로 가장 많았다. 이어서 '하고싶은 일을 하기 위해'가 21.6%, '가부장적인 결혼제도가 싫어서'라는 응답이 7.8%로 뒤를 이었다."
'결혼 안해' 비혼식 하고 '셀프 혼수' 준비하는 비혼족,지역별로 비혼 이유에 대한 응답에 다소 차이가 있었다. 지방 거주자는 수도권 거주자에 비해 '이성을 만날 기회가 없어서'라는 응답 비율(10.7%)이 더 높았다. 비혼족들 중 '내가 비혼식을 하겠다'라고 답한 사람은 15.2%로 아직 높지 않은 수준이지만 비혼식 자체에 대한 긍정적인 인식은 68.8%로 높았다. 성별로는 비혼식을 하겠다는 남성이 20.6%로 여성(13.2%)보다 높은 수준을 나타냈다.
'결혼 안해' 비혼식 하고 '셀프 혼수' 준비하는 비혼족,비혼식을 긍정적으로 보는 이유로는 '결혼에 대한 압박에서 벗어나고 싶어서'라는 응답이 45.7%로 가장 많았다. 이어서 '축의금을 회수하고 싶어서'라는 응답이 24.8%로 뒤를 이었다. 이 두가지 응답이 70%를 넘은 것. 비혼식을 통해 결혼에 대한 주변의 압박에서 벗어나고 그동안 다른 사람들의 결혼식을 다니며 뿌린 축의금을 회수하고 싶다는 의사가 높은 것을 보여준다.
'결혼 안해' 비혼식 하고 '셀프 혼수' 준비하는 비혼족,"교체 주기가 길고 고가라서 구매가 부담스러운 혼수 제품의 경우, 나를 위한 구매품목으로 꼽은 1위는 침대와 컴퓨터였다. 이어서 의류 스타일러, TV, 냉장고, 공기청정기 등이 차지했다. 성별로 남성의 경우 셀프혼수 품목으로 컴퓨터와 TV, 로봇청소기가 1~3위를 차지했다. 여성은 침대와 의류 스타일러, 컴퓨터 순을 기록했다."
신혼부부 10쌍 중 7쌍 '실속형 웨딩' 택했다…신혼여행지 '하와이' 1위,(서울=뉴스1) 신건웅 기자 = 지난해 결혼한 신혼부부 10쌍 중 약 7쌍은 실속형 웨딩을 치른 것으로 나타났다. 또 신혼여행지로는 관광과 쇼핑 모두 할 수 있는 하와이가 가장 큰 인기를 끌었다.
신혼부부 10쌍 중 7쌍 '실속형 웨딩' 택했다…신혼여행지 '하와이' 1위,"롯데멤버스는 8일 '트렌드Y 웨딩리포트'를 통해 지난해 경제적 여건을 고려한 실속형 웨딩(66.3%)이 대세였다고 밝혔다. 고급스러운 럭셔리형은 26.6%로 2위를 차지했고, 가까운 지인들과 즐기는 스몰형은 아직까지 7%에 불과했다."
신혼부부 10쌍 중 7쌍 '실속형 웨딩' 택했다…신혼여행지 '하와이' 1위,실속형 웨딩에서 비용을 줄일 수 있는 항목으로는 예물·예단이 67%로 가장 큰 부분을 차지했다.
신혼부부 10쌍 중 7쌍 '실속형 웨딩' 택했다…신혼여행지 '하와이' 1위,반면 투자하고 싶은 항목으로는 신혼여행(72%)과 가전(66.5%)이 1위와 2위를 차지했다. 남에게 보이는 부분보다는 나의 경험을 쌓고 실질적인 결혼 생활의 편익을 높이는 것을 선호하는 트렌드가 반영된 것으로 롯데멤버스는 분석했다.
신혼부부 10쌍 중 7쌍 '실속형 웨딩' 택했다…신혼여행지 '하와이' 1위,"가장 선호하는 신혼여행 유형은 휴양형이며, 관광형과 쇼핑형이 그 뒤를 이었다. 지난해 가장 인기를 모은 웨딩 신혼여행지로는 휴양과 관광·쇼핑이 모두 가능한 하와이가 1위를 차지했다."
신혼부부 10쌍 중 7쌍 '실속형 웨딩' 택했다…신혼여행지 '하와이' 1위,사회적으로 개인의 행복을 중요시하는 분위기가 정착되면서 결혼에 대한 관념도 변하고 있다. 올해는 사회의 기준보다 자신의 취향과 건강을 우위에 두는 '개인화'와 '힐링'이 더욱 중요한 요소로 자리 잡을 것으로 롯데멤버스는 예측했다.
신혼부부 10쌍 중 7쌍 '실속형 웨딩' 택했다…신혼여행지 '하와이' 1위,"선호하는 웨딩 장소는 일반적인 예식장에서 벗어나기 시작했다. 호텔 예식장을 선호하는 이들이 28.9%이며, 하우스 웨딩을 선호하는 비율도 13.3%나 됐다. 아울러 공공시설이 웨딩 장소의 새로운 선택지로 등장했다."
신혼부부 10쌍 중 7쌍 '실속형 웨딩' 택했다…신혼여행지 '하와이' 1위,롯데멤버스는 웨딩 장소·규모 관련 결과를 통해 스몰웨딩 유형은 '규모가 작고 경제적인(Small and Economy) 유형'과 '규모는 작지만 고급스러운(Small but Luxury) 유형'으로 나누어져 있다고 평가했다.
신혼부부 10쌍 중 7쌍 '실속형 웨딩' 택했다…신혼여행지 '하와이' 1위,"또 '개인의 취향'을 중요시 여기면서 예식장과 예단·예물에 대한 중요도는 낮아지고 가전과 인테리어에 대한 투자 의향이 증가했다. 신혼부부들이 투자하고 싶은 항목으로 가구·침구류가 58%로 1위를 차지했고, 가사 노동을 줄여주는 가전으로 건조기(52.1%)와 의류스타일러(31.3%)에 대한 선호도가 높았다."
신혼부부 10쌍 중 7쌍 '실속형 웨딩' 택했다…신혼여행지 '하와이' 1위,"이외에 빔 프로젝터와 같이 집에서도 자신의 취미를 즐길 수 있는 소형가전이 부상했다. 신혼집이 단순한 주거 공간에 머무는 것이 아닌, 힐링과 홈 액티비티를 즐길 수 있는 '나만의 아지트'로 변화했다는 분석이다."
신혼부부 10쌍 중 7쌍 '실속형 웨딩' 택했다…신혼여행지 '하와이' 1위,한편 올해도 '휴양형 신혼여행’에 대한 선호도는 더욱 증가할 것으로 보인다. 대표적인 휴양지인 하와이와 몰디브·괌·발리의 선호도가 상승했다.
"신세대 부부들 ""예물·예단 줄이고 신혼여행·가전에 투자할래요""",[아시아경제 이지은 기자] 지난해 결혼한 신혼부부는 예물·예단 비용을 줄이는 대신 신혼여행과 가전에 투자하려는 '실속형' 성향이 강한 것으로 나타났다.
"신세대 부부들 ""예물·예단 줄이고 신혼여행·가전에 투자할래요""",롯데멤버스는 8일 지난해 한 해 결혼 트렌드를 돌아보고 올해 트렌드를 전망하는 '트렌드Y 웨딩리포트'에서 이같이 밝혔다.
"신세대 부부들 ""예물·예단 줄이고 신혼여행·가전에 투자할래요""","지난해 셀프웨딩, 스몰 웨딩 등 다양한 컨셉의 웨딩이 등장했지만 여전히 경제적 여건을 고려한 실속형 웨딩(66.3%)이 대세였다. 럭셔리형이 26.6%로 실속형 뒤를 이었으며, 지인들과 즐기는 스몰형은 7%에 불과했다."
"신세대 부부들 ""예물·예단 줄이고 신혼여행·가전에 투자할래요""","실속형 웨딩이 대세였던 만큼, 결혼비용을 줄일 수 있는 항목으로는 예물·예단이 67.0%로 1위를 차지했다. 반면 투자하고 싶은 항목으로는 신혼여행(72.0%)과 가전(66.5%)이 1위와 2위를 차지했다. 가장 선호하는 신혼여행 유형은 휴양형이며, 관광형과 쇼핑형이 그 뒤를 이었다. 작년 가장 인기있었던 웨딩 신혼여행지로는 휴양과 관광, 쇼핑이 모두 가능한 하와이가 1위를 차지했다."
"신세대 부부들 ""예물·예단 줄이고 신혼여행·가전에 투자할래요""","올해는 사회의 기준보다 자신의 취향과 건강을 우위에 두는 '개인화'와 '힐링'이 더 중요한 요소로 자리잡을 전망이다. 신혼부부들이 투자하고 싶은 항목으로 가구·침구류가 58.0%로 1위를 차지했고, 가사 노동을 줄여주는 가전으로 건조기(52.1%)와 의류스타일러(31.3%)에 대한 선호도가 높게 나타났다. 빔 프로젝터와 같이 집에서도 자신의 취미를 즐길 수 있는 소형가전도 급부상했다."
"신세대 부부들 ""예물·예단 줄이고 신혼여행·가전에 투자할래요""","또 작년 대비 평균 하객수가 줄어드는 경향을 보임에 따라 선호하는 웨딩 장소도 일반적인 예식장에서 벗어났다. 호텔 예식장을 선호하는 이들이 28.9%, 하우스 웨딩을 선호하는 이들이 13.3%를 차지했다."
"[단독] 롯데 모바일결제, 해킹 여부 수사 착수","롯데 간편결제 애플리케이션(앱)에 탑재된 신용카드가 오프라인 매장에서 300만원 이상 결제되는 도용 사고가 발생, 경찰이 수사에 나섰다."
"[단독] 롯데 모바일결제, 해킹 여부 수사 착수",피해자는 롯데 모바일결제 앱이 해킹 당했다는 주장을 커뮤니티 글에 올려 파장이 확산되고 있다. 반면에 롯데 멤버스는 해킹은 현실적으로 불가능하다는 입장이어서 수사 결과에 관심이 쏠린다. 불법 결제가 된 해당 카드사도 즉각 출금 보류 조치를 취했지만 해킹 가능성을 둘러싼 이슈에 노심초사하고 있는 것으로 알려졌다.
"[단독] 롯데 모바일결제, 해킹 여부 수사 착수","7일 피해자 A씨는 롯데 모바일결제 내에 탑재된 신용카드로 타인이 하이마트와 롯데백화점에서 약 300만원을 결제, 피해를 봤다고 주장했다. A씨는 경북 포항에 거주하고 있지만 경기도 부천 소재 2개 매장에서 27일 도용 결제가 이뤄졌으며, 용의자가 롯데 모바일결제 시스템을 악용해 노트북 등을 일시불로 구매했다고 주장했다."
"[단독] 롯데 모바일결제, 해킹 여부 수사 착수",신용카드 위·변조 사고가 아닌 간편결제 앱이 오프라인 결제 매장에서 도용된 드문 사례다.
"[단독] 롯데 모바일결제, 해킹 여부 수사 착수",A씨 주장이 사실로 밝혀지면 간편결제 시스템 보안 취약 문제로 이슈가 확대될 가능성이 짙다.
"[단독] 롯데 모바일결제, 해킹 여부 수사 착수","도용된 카드사 확인 결과 실제 결제 피해가 접수됐고, 즉각 출금 보류 조치를 취한 것으로 확인됐다."
"[단독] 롯데 모바일결제, 해킹 여부 수사 착수",카드사 관계자는 “롯데 모바일결제 내 자사 카드의 도용 신고가 접수된 게 맞다”면서 “카드사는 롯데 모바일결제와 제휴해 결제 수단만 제공할 뿐 카드 자체가 해킹 된 건 아니다”고 강조했다.
"[단독] 롯데 모바일결제, 해킹 여부 수사 착수",롯데 모바일결제는 모바일 안에 카드를 등록해 탑재하는 일종의 지갑(월렛) 기능을 제공한다. 만약 모바일과 온라인상에서 해킹이 됐다면 문제는 커진다.
"[단독] 롯데 모바일결제, 해킹 여부 수사 착수",A씨는 “본인 외에도 비슷한 사안이 접수돼 수사가 시작됐다”면서 “해당 경찰서에서 신고 전날 하이마트를 방문해 용의자 얼굴이 기록된 폐쇄회로(CC)TV 기록 자료를 확보했다는 연락을 받았다”고 상황을 전했다.
"[단독] 롯데 모바일결제, 해킹 여부 수사 착수",공식 수사 결과가 나오지는 않았지만 해킹 의심 피해 글이 커뮤니티에 올라오면서 롯데 모바일결제 카드 등록을 해지하는 사례가 증가하는 등 우려가 커지고 있다.
"[단독] 롯데 모바일결제, 해킹 여부 수사 착수",이와 관련해 롯데멤버스는 수사 결과가 나올 때까지 어떤 추정도 할 수 없다면서 해킹은 시스템적으로 불가능하다고 못 박았다.
"[단독] 롯데 모바일결제, 해킹 여부 수사 착수","롯데멤버스 관계자는 “피해 사례 접수 후 공인 인증기관을 통해 롯데 모바일결제 해킹이 가능한지 조사했지만 물리적으로 불가능했다”면서 “정보, 로그인 기록 등을 모두 조사했지만 결제 프로세스에서 해킹된 정황은 나오지 않았다”고 설명했다."
"[단독] 롯데 모바일결제, 해킹 여부 수사 착수",이 관계자는 “아이디나 비밀번호 등이 외부로 유출되더라도 롯데 모바일결제의 모든 구간은 암호화가 적용돼 도용 자체가 불가능하다”면서 “지금으로서는 수사 결과를 기다리는 수밖에 없다”고 덧붙였다.
"[단독] 롯데 모바일결제, 해킹 여부 수사 착수","도용 피해를 본 카드사도 피해자의 피싱, 스미싱 가능성을 제기했다."
"[단독] 롯데 모바일결제, 해킹 여부 수사 착수",피해자가 카드 도용 발생 이전에 개인 정보 등을 유출했을 가능성이다.
"[단독] 롯데 모바일결제, 해킹 여부 수사 착수",반면에 보안업계 등 일각에서는 롯데 모바일결제 계정 해킹이나 웹표준 페이지 위·변조가 이뤄졌을 가능성도 배제하면 안 된다고 말했다.
"[단독] 롯데 모바일결제, 해킹 여부 수사 착수","한 보안업계 관계자는 “정보기술(IT) 지식이 있는 사람이라면 (상대적으로 보안이 취약한) 웹페이지를 다운로드해서 결제에 필요한 정보를 습득할 수 있다”면서 “웹페이지 난독화가 완벽하게 이뤄졌는지 확인해야 한다”고 지적했다. 이 관계자는 “(고객의 잘못으로) 피싱, 스미싱을 통해 도용됐을 가능성도 있는 상황”이라고 부언했다."
"[단독] 롯데 모바일결제, 해킹 여부 수사 착수",수사 결과에 따라 책임 공방 소재를 놓고 카드사와 간편결제 사업자 간 책임 공방 가능성도 제기됐다. 카드사는 제휴에 따른 결제 수단만 제공한 것뿐이어서 피해 배상은 롯데멤버스나 소비자가 져야 한다는 입장이다. 카드 위·변조나 도용 사고 발생 시 책임 입증을 소비자가 져야 하는 현행 법규도 개선해야 한다는 목소리도 높다.
"황각규 롯데 부회장 ""카드 매각시 전략적 제휴 맺겠다""…'몸값' 높이기","(서울=뉴스1) 박희진 기자 = 황각규 롯데지주 부회장은 31일 ""롯데카드를 매각하면서 우리도 가능하면 전략적 파트너십을 가져가는 쪽으로 생각하고 있다""고 밝혔다."
"황각규 롯데 부회장 ""카드 매각시 전략적 제휴 맺겠다""…'몸값' 높이기",황 부회장은 &lt;뉴스1&gt;과의 전화통화에서 금융계열사 롯데카드 매각과 관련해 이같은 구상을 갖고 있다고 설명했다. 롯데가 롯데카드 매각 이후 구상을 밝힌 것은 이번이 처음이다.
"황각규 롯데 부회장 ""카드 매각시 전략적 제휴 맺겠다""…'몸값' 높이기",이는 롯데카드를 매각하더라도 최대 장점인 롯데백화점과 롯데마트 등 충성도 높은 고객 기반을 유지할 수 있도록 하겠다는 뜻으로 읽힌다. 이같은 장치를 미리 마련해 놓지 않는다면 롯데카드의 '몸값'이 떨어질 수 있다는 현실적 판단도 깔려 있는 것으로 풀이된다.
"황각규 롯데 부회장 ""카드 매각시 전략적 제휴 맺겠다""…'몸값' 높이기",특히 롯데 입장에서도 신용카드가 유통과 시너지가 크기 때문에 매각되더라도 '전략적 제휴' 관계를 유지하는 편이 유리하다.
"황각규 롯데 부회장 ""카드 매각시 전략적 제휴 맺겠다""…'몸값' 높이기",앞서 롯데그룹은 지난 30일 롯데카드와 롯데손해보험 매각을 위한 예비입찰을 진행했다. 롯데가 매각 조건으로 전략적 제휴를 내건 만큼 예비입찰에 참여한 것으로 알려진 한화그룹·하나금융지주 등 전략적 투자자(SI) 뿐만 아니라 MBK 등 재무적 투자자(FI)도 승산이 있을 것으로 풀이된다.
"황각규 롯데 부회장 ""카드 매각시 전략적 제휴 맺겠다""…'몸값' 높이기",롯데그룹은 2017년 10월 지주회사 체제로 전환하면서 공정거래법상 지주회사가 금융계열사를 소유할 수 없다는 금산분리 원칙에 따라 오는 10월까지 금융계열사를 매각해야하는 상황이다.
"황각규 롯데 부회장 ""카드 매각시 전략적 제휴 맺겠다""…'몸값' 높이기","황각규 부회장은 최근 급성장하고 있는 간편결제시장 공략에 대해서도 의지를 피력했다. 황 부회장은 ""간편결제는 일종의 생태계""라며 ""생태계 조성에 주력하겠다""고 밝혔다. 롯데는 롯데카드의 경영 노하우를 적용해 간편결제 서비스 '엘페이'를 선보였고 2015년부터는 롯데멤버스를 롯데카드로부터 독립, 외부 제휴사를 늘리며 생태계를 넓혀왔다."
"황각규 롯데 부회장 ""카드 매각시 전략적 제휴 맺겠다""…'몸값' 높이기","최근 매각이 백지화된 한국미니스톱에 대해서는 ""돈이나 조건을 떠나서 팔아야하나 계속해야 하나를 놓고 고민하다 (대주주측에서) 기회가 있다고 판단한 것 같다""고 풀이했다. 한국미니스톱은 일본 이온그룹 계열사인 일본미니스톱㈜이 대주주다."
"황각규 롯데 부회장 ""카드 매각시 전략적 제휴 맺겠다""…'몸값' 높이기","황 부회장은 ""회사 가치로 1조원을 주겠다고 했으면 얼른 팔자했을 수도 있겠지만 그것도 상대성이 있다""며 ""그렇다고 가격에 대해서 일절 언급이 있었던 것은 아니다""고 말했다. 롯데는 지난해 11월 신세계와 사모펀드가 참여한 본입찰에서 가장 높은 4500억원을 제시, 유력 인수후보로 꼽혔다."
"황각규 롯데 부회장 ""카드 매각시 전략적 제휴 맺겠다""…'몸값' 높이기","일본 이온그룹이 롯데에 매각하는 것을 기피한게 아니냐는 관측도 일축했다. 황 부회장은 ""세븐일레븐과 함께 일본에서 가장 큰 유통그룹인 이온에 일본 롯데가 식품 등을 공급하는 관계라 서로 왕래가 잦다""며 ""이온과는 옛날부터 사이가 좋다""고 말했다. 향후 다시 매물로 나올 가능성에 대해서는 ""알 수 없다""고 조심스러운 반응을 보였다."
"황각규 롯데 부회장 ""카드 매각시 전략적 제휴 맺겠다""…'몸값' 높이기","유통 트렌드가 기존 오프라인 매장 중심에서 온라인 중심으로 급격히 변하고 있는 것에 대해서도 ""살아남을 수 있다""고 자신감을 나타냈다. 일부에서는 온라인 시장 급성장으로 오프라인 중심의 롯데 위상이 예전같지 않다는 지적도 나오고 있다."
"황각규 롯데 부회장 ""카드 매각시 전략적 제휴 맺겠다""…'몸값' 높이기","급성장 중인 이커머스 인수에도 적극적인 입장이다. 황 부회장은 ""인수 가능성은 항상 문이 열려 있다""고 강조했다. 다만 과거 매각설이 돌았던 11번가와의 협상 여부에 대해서는 ""NCND(인정하지도 부인하지도 않는다)는 기조)""라며 말을 아꼈다."
"황각규 롯데 부회장 ""카드 매각시 전략적 제휴 맺겠다""…'몸값' 높이기","하지만 쿠팡, 위메프, 티몬 등 모바일 기반으로 급성장한 1세대 소셜커머스 업체들은 모두 적자 상태라 인수 여건이 녹록치 않다. 롯데그룹이 과감한 M&amp;A 전략으로 덩치를 키웠지만 실익을 따지는 보수적 색채가 강하다. 이 때문에 '돈 먹는 하마'인 이커머스 인수에 롯데가 적극 나서지 않을 것이란 관측도 제기된다. 결국 '오너'인 신동빈 회장의 결단에 달렸다는 분석이다. 황 부회장도 ""쿠팡이 6000억원씩 적자를 내고 있다""며 ""사실 소비자만 좋아지고 있다""고 토로했다."
"황각규 롯데 부회장 ""카드 매각시 전략적 제휴 맺겠다""…'몸값' 높이기","정작 온라인이 대세인데 '자영업 보호'라는 미명 아래 대형마트를 규제하는 정치논리에 대한 '쓴소리'도 이어졌다. 황 부회장은 ""이커머스를 소비자 관점에서 보듯 모든 관점을 소비자 입장에서 보면 전통시장이 안좋은 것이 롯데마트, 홈플러스 때문이냐""며 ""온라인 때문에 나빠지는 게 아니냐""고 반문했다. 정부가 자영업자 보호를 위해 경쟁력이 떨어지는 오프라인 상권에만 매달릴 것이 아니라 온라인 교육 등 급변하는 시대에 적응할 수 있도록 지원해야 한다는 일자리 전문가들의 지적과 궤를 같이하는 주장이다."
"롯데멤버스, ‘빅플레저’ 캠페인 진행...재즈-영화 즐기면서 기부",롯데멤버스가 특별한 사회공헌 프로그램의 확산 및 정착에 기여해 한국서비스산업진흥원이 주최한 ‘제13회 2018 대한민국 사회공헌대상’을 받았다.
"롯데멤버스, ‘빅플레저’ 캠페인 진행...재즈-영화 즐기면서 기부","롯데멤버스는 ‘사람과 세상에 이로운 가치를 창출하기 위해 존재한다’의 정신을 바탕으로 지속적으로 사회공헌 활동을 진행했다. 2015년 창립 이후 엘포인트를 통한 생활 속 기부 문화를 형성하고자 창립 기념일마다 ‘착한 기부 캠페인’을 매년 진행하고 있고, 올해에는 ‘착한 시네마’ 캠페인도 실시하고 있다. 고객이 롯데시네마에서 엘포인트를 사용할 경우 고객 한 명당 천원씩, 최대 1억원의 기부금을 조성하는 방식이다. 기부금은 대한적십자사를 통해 문화소외계층의 문화생활지원을 위해 쓰일 예정이다."
"롯데멤버스, ‘빅플레저’ 캠페인 진행...재즈-영화 즐기면서 기부","문화마케팅과 기부를 접목한 ‘빅플레저’를 통해 즐거운 기부 문화를 확산에도 노력하고 있다. ‘빅플레저’는 엘페이, 엘포인트 회원이 누릴 수 있는 문화캠페인 시리즈로 점자책을 지원하는 ‘포인트 퍼블리셔’를 후원한다. 스테이지, 재즈, 영화, 클래식 등 프리미엄 문화 콘텐츠를 제공하고 고객은 참여와 동시에 시각장애 아동을 위한 기부에도 자동으로 동참하게 된다."
"롯데멤버스, ‘빅플레저’ 캠페인 진행...재즈-영화 즐기면서 기부","또한 롯데자이언츠와 함께 경기장을 찾는 관람객 1명당 후원금 100원을 적립하고, 후원금 1억원을 모아 유니세프 ‘스쿨스 포 아시아(Schools for Asia)’ 캠페인에 참여하고 있다."
`우물 안 개구리` 벗어나는 간편결제 SSG페이·L페이,신세계그룹과 롯데그룹이 모바일 간편결제 서비스인 SSG페이(사진)와 L.페이 서비스 강화에 나섰다. 계열사 내 서비스에 주력했던 초기와 달리 외부 제휴처를 늘려 대중적인 서비스로 발돋움하겠다는 계획이다.
`우물 안 개구리` 벗어나는 간편결제 SSG페이·L페이,30일 업계에 따르면 신세계그룹의 SSG페이는 지난해 말 기준 가입자가 700만명을 돌파했다.
`우물 안 개구리` 벗어나는 간편결제 SSG페이·L페이,롯데그룹도 롯데멤버스가 운영하는 엘페이를 통해 간편결제 시장에서의 영향력을 키우고 있다. 가입자 수는 SSG페이에 미치지 못하는 300만명 수준이지만 가맹점 수는 크게 웃도는 10만여 개를 확보했다. 연 거래액은 2조원 수준이다.
`우물 안 개구리` 벗어나는 간편결제 SSG페이·L페이,자사 계열사 서비스를 이용할 때는 SSG페이와 엘페이 모두 크게 흠잡을 데 없는 서비스를 제공하고 있다는 반응이다. 다양한 할인 혜택과 포인트 적립 연동 서비스를 간편하게 이용할 수 있기 때문이다. SSG페이는 결제시 자동 적립·쿠폰 적용·전자영수증 발행 등의 혜택이 있고 1분마다 재설정되는 바코드로 보안성을 높였다. 엘페이도 그룹 포인트 제도인 엘포인트와 연계해 손쉽게 포인트를 쌓을 수 있다. 거래액도 엘페이가 지난해 2조원을 돌파했고 SSG페이도 2조원을 웃돈 것으로 알려졌다.
`우물 안 개구리` 벗어나는 간편결제 SSG페이·L페이,문제는 확장성이다. 양사 모두 지금까지는 '계열사 결제'를 수월하게 하기 위한 수준에서 크게 벗어나지 못하고 있다는 지적이다.
`우물 안 개구리` 벗어나는 간편결제 SSG페이·L페이,가맹점이 10만개를 넘어섰다는 엘페이는 롯데 계열사를 제외한 외부 사용처가 많지 않다. 외부 결제에도 사용할 수 있는 간편결제보다는 그룹 내 서비스 이용 편의성을 돕는 것에 무게중심을 뒀기 때문이다. SSG페이는 가맹점이 3만개에 불과하다. 양 사 모두 '우물 안 개구리' 수준의 서비스라는 비판이 나오는 이유다.
`우물 안 개구리` 벗어나는 간편결제 SSG페이·L페이,"반면 이베이코리아의 '스마일페이'는 주요 온라인 쇼핑몰 등으로 사용처를 크게 넓히는 데 성공했다. 스마일페이는 현재 CJ몰과 H몰, 마켓컬리 등 주요 온라인 쇼핑몰과 SPC그룹 계열사, GS리테일, 신라인터넷면세점 등에서 사용이 가능하다.지난해 기준 사용자는 1250만명, 2016년 출시 이후 누적 거래액은 12조원을 돌파했다."
`우물 안 개구리` 벗어나는 간편결제 SSG페이·L페이,"한 업계 관계자는 ""네이버페이와 카카오페이는 거대 플랫폼을 기반으로 확장에 성공했지만 스마일페이는 G마켓과 옥션이라는 단일 쇼핑몰의 서비스로 시작해 현재는 다양한 사용처를 확보했다""며 ""초반부터 적극적인 확장 정책을 펼친 덕분""이라고 말했다.이에 신세계와 롯데도 최근 들어 외부 사용처를 늘리는 데 주력하는 모양새다. SSG페이는 여성 사용자가 많다는 점을 고려, 아리따움과 이니스프리 온라인몰 등 코스메틱 브랜드, 우체국과 세금납부·아파트관리비 등 생활비 관련 사용처를 늘렸다. 엘페이 역시 올해 1200여개 다이소 매장과 계약을 맺는 등 외부 사용처를 확보하겠다는 계획이다.SSG페이 관계자는 ""무작정 사용처를 늘리기보다는 SSG페이 이용자들이 필요로 하는 가맹점을 확보하겠다는 전략""이라며 ""이같은 노력으로 최근 외부 결제 비중이 30%까지 늘어났다""고 말했다."
"SSG페이·L페이, 우물 안 개구리 신세 벗어날까",30일 업계에 따르면 신세계그룹의 SSG페이는 지난해 말 기준 가입자가 700만명을 돌파했다.
"SSG페이·L페이, 우물 안 개구리 신세 벗어날까",롯데그룹도 롯데멤버스가 운영하는 엘페이를 통해 간편결제 시장에서의 영향력을 키우고 있다. 가입자 수는 SSG페이에 미치지 못하는 300만명 수준이지만 가맹점 수는 크게 웃도는 10만여 개를 확보했다. 연 거래액은 2조원 수준이다.
"SSG페이·L페이, 우물 안 개구리 신세 벗어날까",자사 계열사 서비스를 이용할 때는 SSG페이와 엘페이 모두 크게 흠잡을 데 없는 서비스를 제공하고 있다는 반응이다. 다양한 할인 혜택과 포인트 적립 연동 서비스를 간편하게 이용할 수 있기 때문이다. SSG페이는 결제시 자동 적립·쿠폰 적용·전자영수증 발행 등의 혜택이 있고 1분마다 재설정되는 바코드로 보안성을 높였다. 엘페이도 그룹 포인트 제도인 엘포인트와 연계해 손쉽게 포인트를 쌓을 수 있다. 거래액도 엘페이가 지난해 2조원을 돌파했고 SSG페이도 2조원을 웃돈 것으로 알려졌다.
"SSG페이·L페이, 우물 안 개구리 신세 벗어날까",문제는 확장성이다. 양사 모두 지금까지는 '계열사 결제'를 수월하게 하기 위한 수준에서 크게 벗어나지 못하고 있다는 지적이다.
"SSG페이·L페이, 우물 안 개구리 신세 벗어날까",가맹점이 10만개를 넘어섰다는 엘페이는 롯데 계열사를 제외한 외부 사용처가 많지 않다. 외부 결제에도 사용할 수 있는 간편결제보다는 그룹 내 서비스 이용 편의성을 돕는 것에 무게중심을 뒀기 때문이다. SSG페이는 가맹점이 3만개에 불과하다. 양 사 모두 '우물 안 개구리' 수준의 서비스라는 비판이 나오는 이유다.
"SSG페이·L페이, 우물 안 개구리 신세 벗어날까","반면 이베이코리아의 '스마일페이'는 주요 온라인 쇼핑몰 등으로 사용처를 크게 넓히는 데 성공했다. 스마일페이는 현재 CJ몰과 H몰, 마켓컬리 등 주요 온라인 쇼핑몰과 SPC그룹 계열사, GS리테일, 신라인터넷면세점 등에서 사용이 가능하다.지난해 기준 사용자는 1250만명, 2016년 출시 이후 누적 거래액은 12조원을 돌파했다."
"SSG페이·L페이, 우물 안 개구리 신세 벗어날까","한 업계 관계자는 ""네이버페이와 카카오페이는 거대 플랫폼을 기반으로 확장에 성공했지만 스마일페이는 G마켓과 옥션이라는 단일 쇼핑몰의 서비스로 시작해 현재는 다양한 사용처를 확보했다""며 ""초반부터 적극적인 확장 정책을 펼친 덕분""이라고 말했다."
"SSG페이·L페이, 우물 안 개구리 신세 벗어날까",이에 신세계와 롯데도 최근 들어 외부 사용처를 늘리는 데 주력하는 모양새다.
"SSG페이·L페이, 우물 안 개구리 신세 벗어날까","SSG페이는 여성 사용자가 많다는 점을 고려, 아리따움과 이니스프리 온라인몰 등 코스메틱 브랜드, 우체국과 세금납부·아파트관리비 등 생활비 관련 사용처를 늘렸다. 엘페이 역시 올해 1200여개 다이소 매장과 계약을 맺는 등 외부 사용처를 확보하겠다는 계획이다."
"SSG페이·L페이, 우물 안 개구리 신세 벗어날까","SSG페이 관계자는 ""무작정 사용처를 늘리기보다는 SSG페이 이용자들이 필요로 하는 가맹점을 확보하겠다는 전략""이라며 ""이같은 노력으로 최근 외부 결제 비중이 30%까지 늘어났다""고 말했다."
롯데카드도 예비입찰…한화그룹 ‘눈독’·KB금융 등 ‘저울질’,[아시아경제 문혜원 기자]롯데그룹의 지주회사 전환을 위한 롯데카드 매각작업이 본격화됐다. 2006년 LG카드(현 신한카드) 이후 13년 만에 처음으로 신용카드사가 매물로 나온터라 금융업계의 이목이 집중되고 있다.
롯데카드도 예비입찰…한화그룹 ‘눈독’·KB금융 등 ‘저울질’,30일 금융·투자은행(IB) 업계에 따르면 롯데그룹과 매각 주간사회사인 씨티글로벌마켓증권은 이날 롯데카드와 롯데손해보험 매각을 위한 예비입찰을 진행한다. 롯데는 실사와 본입찰 등을 거쳐 4월 중순께 우선협상대상자를 선정할 계획이다.
롯데카드도 예비입찰…한화그룹 ‘눈독’·KB금융 등 ‘저울질’,"771만명(지난해 9월 말 기준)의 가입자를 둔 롯데카드는 국내 카드업계 5위 업체로, 연간 영업수익은 1조7000억원 수준이다. 롯데백화점, 롯데마트, 롯데닷컴 등에 포진한 롯데멤버스 회원의 우량 고객 데이터베이스를 갖고 있어 인수 후보자들이 눈독을 들이고 있다."
롯데카드도 예비입찰…한화그룹 ‘눈독’·KB금융 등 ‘저울질’,롯데카드 인수에 관심을 보이는 후보군은 한화그룹과 KB금융지주 등이다.
롯데카드도 예비입찰…한화그룹 ‘눈독’·KB금융 등 ‘저울질’,롯데카드가 한화그룹으로 흡수되면 한화갤러리아와의 시너지 효과를 기대할 수 있다는 게 업계의 분석이다.
롯데카드도 예비입찰…한화그룹 ‘눈독’·KB금융 등 ‘저울질’,롯데카드 내부에서도 한화그룹으로의 인수를 선호하는 분위기가 읽힌다. 기존 그룹 내에 카드사가 없어 구조조정 위험이 상대적으로 적기 때문이다.
롯데카드도 예비입찰…한화그룹 ‘눈독’·KB금융 등 ‘저울질’,"다만 가맹점 수수료 인하, 결제 시장 경쟁 심화 등으로 카드업계의 전망이 어두운 점은 단점으로 꼽힌다."
롯데카드도 예비입찰…한화그룹 ‘눈독’·KB금융 등 ‘저울질’,"KB금융지주는 이미 카드사를 보유하고 있지만, 롯데카드를 인수할 경우 업계 1위로 올라설 수 있어 관심이 쏠린다. 금융감독원에 따르면 지난해 3분기 기준 롯데카드의 시장 점유율은 9.6%로 업계 6위다. 업계 2위 KB국민카드(18.5%)와 합치면 1위 신한카드(22.8%)를 추월할 수 있다는 계산이 나온다."
롯데카드도 예비입찰…한화그룹 ‘눈독’·KB금융 등 ‘저울질’,다만 롯데카드 직원 1732명(지난해 3분기말 현재·계약직 포함)의 고용 문제는 큰 부담이 될 수 있다.
롯데카드도 예비입찰…한화그룹 ‘눈독’·KB금융 등 ‘저울질’,KB금융은 일단 리딩금융 경쟁을 위한 무리한 M&amp;A는 하지 않겠다는 입장이다. 때문에 실제 인수전 참여로 이어질지 여부는 아직 불투명하다.
"롯데멤버스, ""엘포인트로 세뱃돈 주면 세뱃돈 지원금 드려요""",[아시아경제 이지은 기자]롯데멤버스는 설을 앞두고 엘포인트로 세뱃돈을 선물하면 지원금을 받을 수 있는 '설 선물 프로모션'을 진행한다고 29일 밝혔다.
"롯데멤버스, ""엘포인트로 세뱃돈 주면 세뱃돈 지원금 드려요""","고객들은 엘포인트 모바일 앱에서 '선물하기' 기능을 통해 새해 선물카드 3종과 함께 세뱃돈을 선물할 수 있다. 엘포인트로 세뱃돈을 선물할 때마다 금액별로 복주머니를 받을 수 있으며, 복주머니 4개를 모으면 세뱃돈 지원금을 받을 수 있는 기회가 주어진다. 매주 추첨을 통해 선정된 20명에게 5만 엘포인트를 지원금으로 제공하며, 지원금은 롯데닷컴·날마다가게 등 다양한 롯데 제휴사에서 현금처럼 사용할 수 있다."
가장 받고 싶은 설 선물 2위는 ‘한우세트’…1위는?,"우리나라의 최대 명절인 설! 매년 맞이하지만, 항상 설날 선물을 준비하는 것은 고민이 된다. 관련해 롯데멤버스 L.POINT 리서치 플랫폼 라임에서는 남녀 1만명에게 설 선물 계획에 대해 물었다."
가장 받고 싶은 설 선물 2위는 ‘한우세트’…1위는?,"올 설날에 받고 싶은 선물로는 ‘상품권(57.2%)’이 1위를 차지했다. 뒤이어 전통적인 설 선물인 ‘한우 세트(11.8%)’가 2위에 올랐으며, ‘건강보조 식품(8.5%)’, ‘과일 세트(6.6%)’등의 순으로 나타났다."
가장 받고 싶은 설 선물 2위는 ‘한우세트’…1위는?,"과일, 가공식품 세트 등의 전통적인 설 선물을 제외하고 받고 싶은 독특한 선물로는 ‘베이커리 세트(22.0%)’가 가장 인기가 많았다. 최근 가격 부담이 적으면서도 달달함을 더하는 베이커리(마카롱, 롤케이크 등) 세트가 실속형 명절 선물로 주목 받고 있다. 그 외 ‘와인 세트(21.4%)’, ‘더치커피 세트(18.0%)’ 역시 독특한 선물로 선호되고 있었다."
가장 받고 싶은 설 선물 2위는 ‘한우세트’…1위는?,"반면 다른 사람들에게 무엇을 선물할 예정인지 물은 결과, 활용도가 높은 ‘상품권(29.2%)’을 선물할 것이라는 사람이 많았다. ‘건강보조 식품(21.1%)’, ‘과일 세트(15.5%)’를 선물할 예정이라는 응답이 그 뒤를 이었다. 전형적인 설 선물을 제외하고, 받고 싶은 선물은 ‘와인 세트(22.7%)’, ‘베이커리 세트(20.6%)의 비율이 높았다."
가장 받고 싶은 설 선물 2위는 ‘한우세트’…1위는?,"올 설날이 끝나고 셀프 기프팅을 할 의향이 있다는 응답은 75.7%로 많은 사람들이 스스로에게 선물을 하고 싶다는 의견을 밝혔다. 셀프 기프팅하고 싶은 품목으로는 ‘의류(19.1%)’과 ‘여행티켓(15.0%)’가 나란히 1, 2위를 차지했다."
가장 받고 싶은 설 선물 2위는 ‘한우세트’…1위는?,"남성은 가전/디지털가전을 스스로에게 선물하고 싶다는 의견이 전 연령대에서 많았으며, 여성은 의류, 잡화를 선물하고 싶다고 응답했다. 남녀 모두 40대와 50대에서 상대적으로 여러 선물들 중 여행티켓을 더 선호했다."
올해 설 선물 고민된다면…설 선물 선호도 1위는?,24일 롯데멤버스가 엘포인트 리서치 플랫폼 라임을 통해 명절에 주고받고 싶은 선물에 대해 남녀 1만명에게 설문조사를 실시한 결과(표본오차 95% 신뢰수준에서 ±0.95%포인트) 설에 가장 받고 싶은 선물 1위로는 57.2%의 지지를 얻은 상품권이 차지했다.
올해 설 선물 고민된다면…설 선물 선호도 1위는?,"고급 설 선물인 한우 세트(11.8%)와 건강보조식품(8.5%), 과일세트(6.6%)가 뒤를 이었다."
올해 설 선물 고민된다면…설 선물 선호도 1위는?,또한 '한우·스팸·과일' 등 흔히 생각하는 명절 선물세트를 제외하고 받고 싶은 선물을 물었을 땐 '베이커리 세트(22%)가 가장 많은 지지를 받았다. 가격 부담이 적으면서도 고급스러움을 전달할 수 있는 마카롱과 롤케이크 등이 선물로 적합하다는 응답이었다. 이어 와인 세트(21.4%)와 더치커피 세트(18%)도 좋은 반응을 얻었다.
올해 설 선물 고민된다면…설 선물 선호도 1위는?,받고 싶은 선물 역시 주고 싶은 선물과 큰 차이가 없었다. 받는 사람이 활용하기 좋은 상품권(29.2%)이 가장 많은 선택을 받았고 건강보조식품(21.1%)과 과일세트(15.5%)가 뒤를 이었다.
올해 설 선물 고민된다면…설 선물 선호도 1위는?,"최근에는 자기 자신에게 선물을 하는 '셀프 기프팅'도 대중화되고 있다. 설이 지난 후 자기 자신에게 선물을 할 의향이 있다는 대답은 무려 75.7%를 차지했다. 의류(19.1%)와 여행티켓(15%)가 '나 자신에게 주고 싶은 선물' 1,2위를 차지했다."
"[현장] 신동빈 회장, 경영 복귀 후 첫 사장단회의…'긴장 속 침묵'",신동빈 롯데그룹 회장이 경영 복귀 이후 첫 사장단 회의에 참석했다. 구속 수감을 마치고 1년 만에 여는 사장단회의에서 신 회장이 어떤 메시지를 내놓을지 롯데 내부는 물론 재계의 이목이 집중됐다.
"[현장] 신동빈 회장, 경영 복귀 후 첫 사장단회의…'긴장 속 침묵'","신 회장은 23일 서울 송파구 잠실 롯데월드타워 31층에서 열린 롯데 상반기 VCM(Value Creation Meeting, 구 사장단회의)에 참석했다."
"[현장] 신동빈 회장, 경영 복귀 후 첫 사장단회의…'긴장 속 침묵'","신 회장이 주재하는 롯데그룹 사장단 회의는 매년 상·하반기 1차례씩 개최된다. 지난해 7월 하반기 회의는 신 회장의 구속 수감으로 황각규 부회장이 회의를 주재했다. 이번 회의에는 신 회장과 황각규 롯데지주 부회장, 4개 사업부문(BU)장, 각 계열사 대표 임원 등 100여명이 참석했다."
"[현장] 신동빈 회장, 경영 복귀 후 첫 사장단회의…'긴장 속 침묵'",오전 9시께 롯데월드타워에 모습을 드러낸 신 회장은 '올해 경영 전략' '사장단 회의 키워드' 등과 관련된 기자의 질문에 묵묵부답으로 일관했다. 일찍 출근한 신 회장은 집무실로 향해 업무 보고를 받고 사장단회의 발표 자료를 사전 점검 한 것으로 알려졌다.
"[현장] 신동빈 회장, 경영 복귀 후 첫 사장단회의…'긴장 속 침묵'","오후 1시가 돼서야 계열사 사장단들이 속속 참여하기 시작했다. 취재진 앞에 선 주요 인사들은 최대한 말을 아꼈고, 회의실로 향하는 대표들의 표정에는 긴장감이 돌았다."
"[현장] 신동빈 회장, 경영 복귀 후 첫 사장단회의…'긴장 속 침묵'","홍성형 대홍기획 대표, 이갑 롯데면세점 대표, 민명기 롯데제과 대표, 이동우 롯데하이마트 대표, 강승하 롯데멤버스 대표 등이 차례로 회의실로 향했다. 연이어 등장한 이영호 롯데그룹 식품 BU장은 기자들의 질문에 대답 없이 31층으로 향했다."
"[현장] 신동빈 회장, 경영 복귀 후 첫 사장단회의…'긴장 속 침묵'","대부분의 사장들이 침묵으로 일관한 것과 달리 정승인 세븐일레븐 대표는 미니스톱 인수 추진과 관련해 ""(한국 미니스톱 운영사) 일본 이온 그룹이 결정할 문제""라며 ""인수 성사 가능성을 논하기 아직 어렵다""고 일축했다."
"[현장] 신동빈 회장, 경영 복귀 후 첫 사장단회의…'긴장 속 침묵'","이어 정 대표는 ""인수 제안서를 (이온그룹 측에) 제출했고 그와 관련한 답변을 기다고 있다""고 덧붙였다."
"[현장] 신동빈 회장, 경영 복귀 후 첫 사장단회의…'긴장 속 침묵'","이번 사장단 회의에서는 지난해 사업 성과를 공유하고, 사업 혁신을 위한 '디지털 전환'과 '브랜드 가치 제고', '기업의 사회적 책임', '사회적 가치 창출' 등 신 회장이 신년사에서 언급했던 방향성에 대해 논의할 것으로 보인다. 또 4차 산업혁명 대비, 롯데그룹의 미래전략 수립 등 그룹이 당면한 현안들도 이번 회의에서 다뤄질 것으로 전망된다. 또 최근 공정거래위원회의 롯데마트 제재 절차 착수, 식품 계열사 롯데칠성의 국세청 세무조사 등 각 계열사별로 민감한 이슈가 제기된 것에 대해서도 살펴볼 것으로 보인다."
"[현장] 신동빈 회장, 경영 복귀 후 첫 사장단회의…'긴장 속 침묵'","롯데지주 관계자는 ""새해 첫 사장단 회의에서 지난해 성과를 평가하고 올해 계획과 앞으로의 사업에 대해 이야기하는 자리가 될 것""이라면서 ""큰 틀에서 전반적인 상황에 대한 논의가 진행될 것""이라고 말했다."
'물류비 논란' 껄끄러웠나…'기자들 없는 길' 택한 문영표 롯데마트 대표,"[아시아경제 이지은 기자, 조목인 기자] ""문영표 롯데마트 대표님은 벌써 올라가셨습니다."""
'물류비 논란' 껄끄러웠나…'기자들 없는 길' 택한 문영표 롯데마트 대표,"23일 오후 1시 30분께, 서울 송파구 롯데월드타워 1층 로비에는 긴장감이 감돌았다. 수십명의 기자와 카메라 십여대가 로비 입구를 둘러싸고 사람 그림자가 비치기만을 기다렸다. 이날 회의에 참석하기 위해 도착하는 계열사 사장들에게 말 한 마디라도 듣기 위해서다."
'물류비 논란' 껄끄러웠나…'기자들 없는 길' 택한 문영표 롯데마트 대표,"이날 오후 2시 롯데월드타워 31층 강당에서는 롯데의 상반기 사장단 회의가 열렸다. 일종의 연례행사로, 올해는 황각규 롯데지주 부회장을 비롯해 롯데 계열사 대표 등 100여명이 참석키로 했다. 회의에 참석하는 사장들은 로비로 들어와 1층 보안 게이트를 통과, 엘리베이터를 타고 31층까지 바로 올라가게 된다. 기자들이 1층 로비 입구를 지키고 있는 이유이기도 하다."
'물류비 논란' 껄끄러웠나…'기자들 없는 길' 택한 문영표 롯데마트 대표,이날 자리에 모인 기자들이 가장 기다렸던 인물은 문영표 롯데마트 대표와 이영구 롯데칠성 대표다. 사장단 회의를 이틀 앞두고 롯데마트가 '물류비' 논란에 휩싸였기 때문이다. 공정거래위원회가 롯데마트의 '후행 물류비' 관행에 제동을 걸고 4000억원에 달하는 과징금을 부과할 준비를 하고 있는 중이라는 사실이 알려졌다. 물건 배송에 들어가는 물류비를 입접 업체들에게 모두 떠넘겼다는 이유다. 22일에는 롯데칠성이 특별 세무조사를 받는다는 소식까지 이어졌다.
'물류비 논란' 껄끄러웠나…'기자들 없는 길' 택한 문영표 롯데마트 대표,"원래 상반기 사장단 회의는 개별 사안에 대한 논의보다는 그룹의 장기적 비전에 대한 논의가 오가는 자리지만, 유통업계에서는 이날 회의에서 갑질 논란과 세무조사에 관련된 말도 오갈 것으로 전망했다. 그렇기에 기자들은 문 대표와 이 대표가 최근 갑질 이슈에 대한 입장을 표명해 주기를 기다리고 있었다."
'물류비 논란' 껄끄러웠나…'기자들 없는 길' 택한 문영표 롯데마트 대표,"민영기 롯데제과 대표, 이동우 롯데하이마트 대표, 강승하 롯데멤버스 대표, 박동기 롯데월드 대표 등이 차례차례 로비를 통해 회의실로 향했다. 하지만 1시50분이 다 될 때까지 문 대표는 물론 이 대표의 모습은 로비에 나타나지 않았다. 엘리베이터를 타고 올라가는 시간까지 고려하면, 1시50분까지는 롯데월드타워에 도착해야 회의에 늦지 않는다. 기자들 사이에서는 당혹감 어린 시선들이 오갔다. '이미 올라간 것 아니냐'는 추측들이 나오기 시작했다. 뒤늦게 나타난 롯데 관계자가 ""문 대표님은 로비가 아닌 지하 1층을 통해 1시30분에 올라갔을 수 있다""고 귀띔했다."
'물류비 논란' 껄끄러웠나…'기자들 없는 길' 택한 문영표 롯데마트 대표,"롯데 관계자는 ""로비를 통해 오는 사장들은 모두 외부에서 차를 타고 오는 인사들인데, 문 대표와 이 대표는 모두 본사가 잠실에 있어 걸어왔기 때문에 다른 길을 통해 갔다""고 설명했다. 하지만 지난해는 모두 로비를 통해 들어왔던 것을 떠올리면 쉽게 납득하기는 어려웠다."
'물류비 논란' 껄끄러웠나…'기자들 없는 길' 택한 문영표 롯데마트 대표,"이날 기자들에게 조금이라도 입을 열었던 건 최근 미니스톱 인수와 관련한 이슈가 있었던 세븐일레븐의 정승인 대표였다. 정 대표는 미니스톱 인수와 관련해 ""우리가 제안서를 내긴 했지만 기다리는 입장""이라면서 ""(인수 결과에 대해) 알 수 없다""고 말했다."
'물류비 논란' 껄끄러웠나…'기자들 없는 길' 택한 문영표 롯데마트 대표,"그는 ""최종 결정은 일본 이온그룹이 할 일""이라면서 ""답변을 기다리고 있다""고 말했다. 지난해 11월 중순께부터 진행중인 미니스톱 매각 작업은 우선협상대상자 선정 발표가 늦어지고 있다. 결과 발표가 늦어지는데다 자율규약, 최저임금 인상 등 한국의 편의점 이슈가 맞물리면서 일각에서는 이온그룹이 매각 의사를 철회한 것이 아니냐는 추측까지 나오고 있다. 정 대표는 이온그룹의 미니스톱 매각 철회 가능성을 묻는 질문에 ""알 수 없다. 기다리고 있다""며 말을 아꼈다. 세븐일레븐의 상생안에 대해서는 ""합의를 해야 하는 부분""이라며 말을 아꼈다."
사장단 회의 참석하는 강승하 롯데멤버스 대표,(서울=뉴스1) 구윤성 기자 = 강승하 롯데멤버스 대표가 23일 오후 서울 송파구 롯데월드타워에서 신동빈 회장이 주재하는 롯데그룹 사장단 회의에 참석하고 있다. 2019.1.23/뉴스1
회의 참석하는 강승하 롯데멤버스 대표,(서울=뉴스1) 구윤성 기자 = 강승하 롯데멤버스 대표가 23일 오후 서울 송파구 롯데월드타워에서 신동빈 회장이 주재하는 롯데그룹 사장단 회의에 참석하고 있다. 2019.1.23/뉴스1
"""베트남 회원들도 L-POINT"" 롯데 제휴카드 출시",롯데멤버스는 지난 22일 베트남 호치민에 위치한 UOB 본사에서 'L.POINT – UOB 제휴카드 출시'를 위한 업무 제휴 조인식을 진행했다. 이날 조인식에는 롯데멤버스 장영찬 베트남 법인장을 비롯해 UOB 싱가폴 본사 리테일 뱅킹 Mr. Fred Lim 총괄 이사 등 주요 관계자들이 참석했다.
"""베트남 회원들도 L-POINT"" 롯데 제휴카드 출시",롯데멤버스는 싱가포르 최대 민간 은행인 UOB(United Overseas Bank)와의 업무 제휴를 통해 베트남 현지 포인트 적립형 제휴카드를 출시한다. 베트남 커머스 시장이 확대됨에 따라 다양한 유통채널에서 통합 멤버십 포인트를 적립하고 활용할 수 있는 환경을 구축하기로 한 것.
"""베트남 회원들도 L-POINT"" 롯데 제휴카드 출시",베트남 UOB의 주 사용층은 18~25세로 전체 고객의 약 39.6%를 차지할 만큼 젊은 연령층의 이용이 활발하다. 이번 제휴를 통해 베트남 현지 고객들은 차별화된 통합 멤버십 서비스를 경험하고 포인트 적립∙할인 등 다양한 엘포인트 혜택을 누릴 수 있게 됐다.
"""베트남 회원들도 L-POINT"" 롯데 제휴카드 출시","특히 엘포인트 UOB 제휴카드를 신규 발급하는 회원들에게는 다양한 혜택이 제공된다. 신규 카드를 발급하는 모든 회원들은 웰컴 포인트 15만(VND)P를 적립할 수 있을 뿐 아니라, 엘포인트 제휴사 중 롯데 제휴사에서 카드 사용시 최대 2%의 더블 적립 혜택을 받을 수 있다."
"""베트남 회원들도 L-POINT"" 롯데 제휴카드 출시",이처럼 롯데멤버스는 최근 아시아 국가들을 중심으로 글로벌 포인트 호환 서비스 강화를 위해 박차를 가하고 있다. 국내 회원들과 현지 회원들이 언제 어디서나 편리하게 엘포인트를 이용할 수 있도록 전략적 협력 관계를 구축하고 있는 것.
"""베트남 회원들도 L-POINT"" 롯데 제휴카드 출시","한국 관광객들이 베트남 현지에서도 편리하게 엘포인트를 활용할 수 있도록 올해 안으로 '포인트 호환 서비스'도 추가 도입할 예정이다. 또한 NTT DOCOMO와의 제휴를 바탕으로 오는 4월 일본 내 포인트 호환 서비스를 오픈할 예정이며, 인도네시아에도 관련 서비스 준비 중에 있다."
"""베트남 회원들도 L-POINT"" 롯데 제휴카드 출시","롯데멤버스 오상우 경영전략부문장은 ""베트남은 동남아에서 가장 매력적인 시장으로, 매년 괄목할만한 성장세를 보이고 있다""며 ""젊고 역동적인 시장인 만큼 보다 많은 이들에게 통합멤버십에 대한 관심을 높일 수 있도록 차별화된 서비스를 선보일 것""이라고 말했다."
"""베트남 회원들도 L-POINT"" 롯데 제휴카드 출시","&lt;저작권자 ⓒ '돈이 보이는 리얼타임 뉴스' 머니투데이, 무단전재 및 재배포 금지&gt;"
베트남에서도 엘포인트 쓴다…롯데멤버스 적립형 카드 출시,[아시아경제 이지은 기자] 롯데멤버스가 싱가포르 최대 민간 은행인 UOB와 손잡고 베트남에서 편리하게 엘포인트를 이용할 수 있는 적립형 제휴카드를 출시한다고 23일 밝혔다.
베트남에서도 엘포인트 쓴다…롯데멤버스 적립형 카드 출시,"베트남 UOB의 주 사용층은 18~25세로, 전체 고객의 약 39.6%를 차지할 만큼 젊은 연령층의 이용이 활발하다. 이번 제휴를 통해 베트남 현지 고객들은 차별화된 통합 멤버십 서비스를 경험하고 포인트 적립?할인 등 다양한 엘포인트 혜택을 누릴 수 있게 됐다."
베트남에서도 엘포인트 쓴다…롯데멤버스 적립형 카드 출시,"엘포인트 UOB 제휴카드를 신규 발급하는 회원들은 웰컴 포인트 15만(VND)P를 적립할 수 있고 엘포인트 제휴사 중 롯데 제휴사에서 카드 사용시 최대 2%의 더블 적립 혜택을 받을 수 있다. 롯데리아와 롯데시네마, 엔제리너스, 롯데백화점, 롯데호텔 사용액이 각 2% 적립되며, 오픈마켓 '롯데닷브이엔'에서는 0.4%가 적립된다."
베트남에서도 엘포인트 쓴다…롯데멤버스 적립형 카드 출시,"롯데멤버스는 한국 관광객들이 베트남 현지에서도 편리하게 엘포인트를 활용할 수 있도록 올해 안으로 포인트 호환 서비스를 추가 도입할 예정이다. 4월에는 NTT 도코모와의 제휴를 바탕으로 일본 내 포인트 호환 서비스를 오픈할 예정이며, 인도네시아에도 관련 서비스 준비 중에 있다."
베트남에서도 엘포인트 쓴다…롯데멤버스 적립형 카드 출시,"오상우 롯데멤버스 경영전략부문장은 ""젊고 역동적인 시장인 만큼 보다 많은 이들에게 통합멤버십에 대한 관심을 높일 수 있도록 차별화된 서비스를 선보일 것""이라며 ""제휴카드 출시를 통해 베트남에서의 엘포인트 사용 활용도를 높이고 현지인들에게 더 많은 혜택을 제공하는 것이 목표""라고 밝혔다."
이제는 지갑 열기전 나심비 따진다,"롯데멤버스, 소비 트렌드 분석"
이제는 지갑 열기전 나심비 따진다,롯데멤버스는 21일 회원 1000만 명의 지난달 소비 트렌드를 분석한 결과 ‘나심비’를 좇는 소비 행태가 두드러졌다고 발표했다.
이제는 지갑 열기전 나심비 따진다,나심비란 ‘나’ ‘심리’ ‘가성비’의 합성어로 ‘나의 심리적 만족을 위해서라면 가격에 상관없이 지갑을 여는 소비심리’를 뜻한다. 롯데멤버스는 매달 회원들의 소비 금액을 카테고리별로 전년 동월과 비교 분석해 발표하고 있다.
이제는 지갑 열기전 나심비 따진다,"롯데멤버스의 분석 자료에 따르면 고가 명품 및 취미생활 용품 소비가 두드러졌다. 명품 구매가 늘면서 롯데멤버스 회원들이 지난달 백화점을 방문해 쓴 금액은 전년 동월 대비 5.7％ 증가했다. 가전전문 판매점에서는 취미가전 상품 구매가 크게 늘었다. 게임 헤드셋과 비디오 게임기 소비 금액은 각각 143％, 75.2％ 증가했다. 디지털일안반사식(DSLR) 카메라 구매에 쓴 돈 역시 21％ 늘었다."
이제는 지갑 열기전 나심비 따진다,미세먼지 관련 상품 구매도 증가했다. 지난해 동월 대비 가전전문 판매점에서 건조기(79.3％)와 공기청정기(50.6％)를 찾는 사람이 증가한 것이 대표적이다.
이제는 지갑 열기전 나심비 따진다,롯데멤버스 회원들이 가전전문 판매점에서 쓴 돈은 7.5％ 늘었다. 이 같은 증가폭은 인터넷쇼핑에 이어 백화점 대형마트 슈퍼마켓 편의점 등 조사 범위인 여섯 개 유통영역 중 두 번째로 높다.
이제는 지갑 열기전 나심비 따진다,롯데멤버스 관계자는 “경기 침체로 값싼 제품 선호도가 높아진 동시에 자신이 원하는 고가 제품에는 돈을 아끼지 않는 현상이 나타나고 있다”고 설명했다.
“올해 쇼핑 트렌드는 나심비(나+심리+가성비)”,유통업계에 자기 자신의 만족감을 위해 소비를 아끼지 않는 ‘나심비’ 열풍이 불고 있다.
“올해 쇼핑 트렌드는 나심비(나+심리+가성비)”,롯데멤버스는 21일 1000만명 회원들의 지난달 소비트렌드를 분석한 결과 ‘나심비’를 쫓는 소비 행태가 두드러졌다고 발표했다. 나심비란 ‘나’ ‘심리’ ‘가성비’의 합성어로 ‘나의 심리적 만족을 위해서라면 가격에 상관없이 지갑을 열겠다’는 소비심리를 뜻한다.
“올해 쇼핑 트렌드는 나심비(나+심리+가성비)”,"롯데멤버스의 분석 자료에 따르면 고가의 명품 및 취미생활 용품 소비가 두드러졌다. 명품 구매가 늘면서 지난달 백화점 소비는 전년 동월 대비 5.7％ 상승했다. 가전전문 판매점에서는 취미가전 상품에 대한 수요가 크게 늘었다. 게임 헤드셋과 비디오 게임기 소비가 각각 143％, 75.2％ 증가했다. 디지털일안반사식(DSLR) 카메라 소비 역시 21％ 뛰었다."
“올해 쇼핑 트렌드는 나심비(나+심리+가성비)”,미세먼지 관련 상품을 찾는 이들도 늘었다. 비교적 따뜻한 날씨로 방한 의류 소비는 줄었지만 그 자리를 미세먼지 특수가 대신한 것이다. 지난해 동월 대비 가전전문 판매점에서 건조기(79.3％)와 공기청정기(50.6％)를 찾는 사람이 증가한 것이 대표적이다. 가전전문 판매점의 전체 소비는 7.5％ 올랐다. 이는 인터넷쇼핑에 이어 백화점 대형마트 슈퍼마켓 편의점 등 조사 범위인 여섯 개의 유통영역 중 두 번째로 큰 소비 상승세다.
“올해 쇼핑 트렌드는 나심비(나+심리+가성비)”,롯데멤버스 관계자는 “경기 침체로 값싼 제품 선호도가 증가하면서 동시에 자신이 원하는 고가 제품에는 돈을 아끼지 않는 소비 양극화 현상이 나타났다”며 “이번 달에는 설을 대비한 설 선물세트 구매가 이어지며 소비 상승세가 지속될 것으로 보인다”고 설명했다.
“올해 쇼핑 트렌드는 나심비(나+심리+가성비)”,롯데멤버스는 지난해 말 ‘2019년 트렌드 보고서’를 내고 올해 주요 소비 트렌드로 나심비 열풍을 짚은 바 있다.
'나심비' 저격하는 취미가전·명품소비 증가,"【서울=뉴시스】이예슬 기자 = 나의 심리적 만족을 위해서라면 가격에 상관없이 지갑을 열겠다는 소비심리, '나심비' 열풍이 지난 연말 유통업계를 강타한 것으로 나타났다."
'나심비' 저격하는 취미가전·명품소비 증가,"롯데멤버스는 21일 회원들의 소비트렌드를 측정한 '2018년 12월 엘포인트' 소비지수를 발표했다. 이에 따르면 지난 12월 유통가는 일반적인 계절 특수보다 '나심비', '가치소비 등 새로운 소비행태가 두드러졌다. 이에 따라 12월 엘포인트 소비지수는 전년 동월 대비 2.3%, 전월 대비 4.7% 증가했다."
'나심비' 저격하는 취미가전·명품소비 증가,"전년 동월 대비 유통영역별 엘포인트 소비지수에 따르면 고가의 명품 소비가 증가함에 따라 백화점 소비가 5.7% 상승했다. 가전전문판매점 역시 나를 위한 가치소비가 확산하면서 취미가전 상품에 대한 수요가 크게 증가했다. 게이밍 헤드셋과 비디오 게임기 소비가 각각 143.0%, 75.2% 증가했다. DSLR 카메라 소비 역시 21.0% 상승했다."
'나심비' 저격하는 취미가전·명품소비 증가,미세먼지도 가전전문판매점에는 호재였다. 비교적 따뜻한 날씨로 방한의류에 대한 소비는 감소했지만 그 자리를 미세먼지 특수가 대신한 것이다.
'나심비' 저격하는 취미가전·명품소비 증가,"삼한사미 현상이 본격화되면서 전년 대비 가전판매점 소비는 7.5% 상승했다. 관련 제품군 중에서도 건조가(79.3%), 공기청정기(50.6%)에 수요가 몰리면서 인터넷쇼핑에 이어 6개 유통영역 중 두 번째로 큰 소비 상승세를 보였다."
'나심비' 저격하는 취미가전·명품소비 증가,"황윤희 롯데멤버스 빅데이터부문장은 ""지난 12월은 저가제품 선호와 나심비 현상이 두드러져 소비 양극화 현상을 엿볼 수 있었다""며 ""1월은 이른 설에 따른 선물세트 사전예약판매가 앞당겨지면서 소비 상승세가 이어질 것으로 보인다""고 전했다."
'나심비' 저격하는 취미가전·명품소비 증가,&lt;저작권자ⓒ 공감언론 뉴시스통신사. 무단전재-재배포 금지.&gt;
롯데 금융3社 누구 품에?… 한화-금융지주-사모펀드까지 눈독,20일 투자은행(IB) 업계에 따르면 롯데그룹과 매각 주간사회사인 씨티글로벌마켓증권은 28일 롯데카드와 롯데손보에 대해 예비입찰을 진행한다. 뒤늦게 매물로 나온 롯데캐피탈의 예비입찰은 다음 달 중순에 열릴 예정이다. 롯데 측은 실사와 본입찰 등을 거쳐 4월 중순께 우선협상대상자를 선정할 방침이다.
롯데 금융3社 누구 품에?… 한화-금융지주-사모펀드까지 눈독,롯데는 ‘독점규제 및 공정거래에 관한 법률’에 따라 올해 10월까지 롯데지주가 보유한 금융계열사 주식을 정리해야 한다. 당장은 롯데지주가 직간접적으로 보유한 지분만 팔면 된다. 하지만 현재 지주에 속해 있지 않은 다른 계열사들도 향후 지주사 편입 가능성에 대비해 롯데 계열사들이 보유한 지분을 가급적 처분할 방침인 것으로 알려졌다.
롯데 금융3社 누구 품에?… 한화-금융지주-사모펀드까지 눈독,"매각 대상인 금융 3사는 장단점이 명확하다. 롯데카드는 롯데백화점, 롯데마트, 롯데닷컴 등에 포진한 롯데멤버스 회원 771만 명(지난해 9월 말 기준)의 유통 빅데이터가 강점이다. 2006년 LG카드(현 신한카드) 이후 10여 년 만에 나온 카드업계 대형 매물이다. 하지만 정부의 카드수수료 인하 압박이 여전한 데다 카카오페이 등 경쟁 서비스가 나타나고 있는 점은 부담이다."
롯데 금융3社 누구 품에?… 한화-금융지주-사모펀드까지 눈독,롯데캐피탈은 당기순이익이 2016년 1055억 원에서 2017년 1175억 원으로 증가했다. 알짜 회사라는 평가가 나온다. 경기 침체기에 부실 위험이 큰 기업대출에 비해 개인대출이나 할부 리스 등 상대적으로 위험이 작은 소매 분야에 강점이 있다. 하지만 시장 금리가 오르는 상황에서 자금 조달 비용이 급증할 우려가 있다.
롯데 금융3社 누구 품에?… 한화-금융지주-사모펀드까지 눈독,롯데손해보험은 국내 손해보험 전체 시장에선 9위이지만 퇴직연금 분야에선 2위다. 롯데그룹 임직원들이 대거 가입한 퇴직연금 계약을 그대로 인수하면 고령화시대에 대한 선제적 영업이 가능하다. 하지만 2021년 새로운 국제회계기준(IFRS17) 도입을 앞두고 금융당국이 퇴직연금 리스크를 깐깐하게 관리하기로 했다. 당국이 자본을 더 늘리라고 요구할 수 있다.
롯데 금융3社 누구 품에?… 한화-금융지주-사모펀드까지 눈독,"롯데그룹은 3사를 패키지로 묶어 통째로 매각하는 방안을 선호하는 것으로 알려졌다. 하지만 인수 후보자별로 관심 매물이 달라 롯데 측은 우선 예비입찰을 진행한 뒤 패키지 또는 개별 매각 여부를 결정하기로 했다. 인수 후보로는 한화그룹, KB·BNK금융지주 등 전략적 투자자(SI)와 MBK파트너스, IMM PE, 오릭스 PE, 한앤컴퍼니 등 사모펀드(PEF) 등이 거론된다."
롯데 금융3社 누구 품에?… 한화-금융지주-사모펀드까지 눈독,유력한 후보로 거론되는 한화는 롯데백화점의 유통 데이터를 갤러리아백화점 마케팅에 적용할 수 있다. 또 그룹 내 카드와 캐피털이 없는 만큼 금융영토를 확장할 수 있는 기회다. MBK파트너스는 앞서 한미캐피탈(현 KB캐피탈)과 ING생명(현 오렌지라이프) 인수 경험이 있다. 현재 홈플러스를 보유하고 있어 롯데카드 인수 시 시너지 효과가 날 수 있다. KB금융지주는 롯데카드를 인수하면 신한카드를 제치고 업계 1위에 오를 수 있다. BNK금융지주는 방카쉬랑스 시너지를 노리고 롯데손보에 관심을 갖고 있는 것으로 알려졌다.
"유통업계, 빅데이터 역량 강화 ‘잰걸음’",구매 이력·패턴 분석…적용 연구
"유통업계, 빅데이터 역량 강화 ‘잰걸음’","롯데멤버스, 온·오프 데이터 융합"
"유통업계, 빅데이터 역량 강화 ‘잰걸음’",고객최적화 맞춤형 서비스 제공
"유통업계, 빅데이터 역량 강화 ‘잰걸음’","이마트는 작년 말, 외국계 컨설팅 업체로부터 거액을 주고 빅데이터(Big Dataㆍ대용량 정보) 활용 전반에 대한 자문을 받은 것으로 알려졌다. 이마트는 또 지난 2011년부터 운영돼온 마케팅 부문 산하의 고객분석팀을 별도 조직으로 떼어내 ‘고객정보전략(CDSㆍCustomer Data Strategy) 태스크포스(TF)’를 신설했다."
"유통업계, 빅데이터 역량 강화 ‘잰걸음’",빅데이터 기반의 고객관계관리(CRM) 영역을 확대해 4차 산업혁명에 선도적으로 대비하겠다는 것이다. 이마트 관계자는 “고객의 구매 이력과 패턴 등을 심층적으로 연구해 현장에 어떻게 적용할 수 있을지 고민하는 단계”라며 “그동안 흩어져있던 이마트 관계사의 고객 데이터를 하나로 통합하는 작업부터 진행할 계획”이라고 했다.
"유통업계, 빅데이터 역량 강화 ‘잰걸음’","10일 업계에 따르면 롯데, 신세계, 쿠팡 등 온ㆍ오프라인 유통 업체들이 앞다퉈 빅데이터 관련 전문인력을 보강하고, 관련 부서를 강화하는 등 빅데이터 역량 강화에 나서고 있다."
"유통업계, 빅데이터 역량 강화 ‘잰걸음’","고객들의 상품 검색 이력, 과거 구매 정보 등을 분석해 특정 상품 수요를 미리 예측하는 것은 물론, 개인에게 최적화된 할인 혜택과 맞춤형 상품 추천 서비스를 제공할 수 있기 때문이다. 빅데이터에서 유의미한 정보를 추출할 수만 있다면 활용 분야는 무궁무진하다. 특히 향후에는 빅데이터에 기반한 AI(인공지능)의 고도화가 유통업체의 생존 경쟁력을 좌우할 수 있다는 점에서 빅데이터에 대한 고민이 커지고 있다는 분석이다."
"유통업계, 빅데이터 역량 강화 ‘잰걸음’","롯데그룹은 빅데이터 사업을 주력으로 하는 롯데멤버스를 이커머스 사업의 중심축에 두고 있다. 롯데멤버스는 2015년 롯데카드의 사업부에서 별도법인으로 분리됐다. 멤버십인 ‘엘포인트’를 통해 쌓이는 방대한 고객 빅데이터를 통합적으로 관리ㆍ운영하는 회사로 3800만명의 회원을 보유하고 있다. 백화점, 마트, 슈퍼 등 롯데 유통 계열사와 시너지 효과를 낼 수 있어 그 가치가 높게 평가되고 있다. 롯데그룹은 3조원을 투자해 기존에 분산된 계열사별 온라인몰을 통합하고, 롯데멤버스와 1만1000개에 달하는 오프라인 매장을 연계한다는 계획이다."
"유통업계, 빅데이터 역량 강화 ‘잰걸음’","롯데멤버스 관계자는 “소비자가 온라인, 오프라인, 모바일 채널을 넘나들 수 있는 ‘옴니채널(Omni-Channel)’ 시대에는 각 채널을 융합하는 것이 중요해졌다”며 “온라인과 오프라인의 빅데이터를 통합해 알고리즘을 정교화할 경우 고객에게 최적화된 맞춤형 서비스를 제공할 수 있다”고 했다."
"유통업계, 빅데이터 역량 강화 ‘잰걸음’","쿠팡, 11번가 등 온라인 유통업체들은 제품 추천, 검색, 할인, 배송에 이르기까지 쇼핑의 전 단계에 빅데이터 기술을 적용하고 있다. 대표적으로 쿠팡의 데이터 플랫폼은 고객이 원하는 정보를 빠르게 파악해 매일 3억건 이상의 상품 검색 결과를 고객에게 제시하고 있다. 11번가는 과거 실적 데이터와 고객 선호도 등 5만여건의 데이터를 분석해 ‘타임딜’ 노출 상품을 선정한다."
"유통업계, 빅데이터 역량 강화 ‘잰걸음’",관련 업계는 앞으로 온ㆍ오프라인 유통 채널 융합이 가속화됨에 따라 빅데이터의 역할과 중요성이 더 커질 것으로 전망하고 있다.
"유통업계, 빅데이터 역량 강화 ‘잰걸음’","유통업계 관계자는 “빅데이터를 기반으로 고객의 선호도, 성향 등을 파악해 최적화된 맞춤형 혜택을 제공하는 마케팅 사례가 늘어나고 있다”며 “장기적으로는 빅데이터를 활용해 신규 사업 모델 개발ㆍ확장이 가능할 것으로 보고 있다”고 했다."
"유통업계, 빅데이터 역량 강화 ‘잰걸음’","-롯데멤버스, 정교화된 빅데이터 분석으로 온ㆍ오프라인 융합"
"유통업계, 빅데이터 역량 강화 ‘잰걸음’",-온라인 유통업체는 쇼핑 전 단계에 빅데이터 기술 적용 
"유통업계, 빅데이터 역량 강화 ‘잰걸음’","[헤럴드경제=박로명 기자]이마트는 작년 말, 외국계 컨설팅 업체로부터 거액을 주고 빅데이터(Big Dataㆍ대용량 정보) 활용 전반에 대한 자문을 받은 것으로 알려졌다. 이마트는 또 지난 2011년부터 운영돼온 마케팅 부문 산하의 고객분석팀을 별도 조직으로 떼어내 ‘고객정보전략(CDSㆍCustomer Data Strategy) 태스크포스(TF)’를 신설했다."
"유통업계, 빅데이터 역량 강화 ‘잰걸음’",빅데이터 기반의 고객관계관리(CRM) 영역을 확대해 4차 산업혁명에 선도적으로 대비하겠다는 것이다. 이마트 관계자는 “고객의 구매 이력과 패턴 등을 심층적으로 연구해 현장에 어떻게 적용할 수 있을지 고민하는 단계”라며 “그동안 흩어져있던 이마트 관계사의 고객 데이터를 하나로 통합하는 작업부터 진행할 계획”이라고 했다.
"유통업계, 빅데이터 역량 강화 ‘잰걸음’","10일 업계에 따르면 롯데, 신세계, 쿠팡 등 온ㆍ오프라인 유통 업체들이 앞다퉈 빅데이터 관련 전문인력을 보강하고, 관련 부서를 강화하는 등 빅데이터 역량 강화에 나서고 있다."
"유통업계, 빅데이터 역량 강화 ‘잰걸음’","고객들의 상품 검색 이력, 과거 구매 정보 등을 분석해 특정 상품 수요를 미리 예측하는 것은 물론, 개인에게 최적화된 할인 혜택과 맞춤형 상품 추천 서비스를 제공할 수 있기 때문이다. 빅데이터에서 유의미한 정보를 추출할 수만 있다면 활용 분야는 무궁무진하다. 특히 향후에는 빅데이터에 기반한 AI(인공지능)의 고도화가 유통업체의 생존 경쟁력을 좌우할 수 있다는 점에서 빅데이터에 대한 고민이 커지고 있다는 분석이다."
"유통업계, 빅데이터 역량 강화 ‘잰걸음’","롯데그룹은 빅데이터 사업을 주력으로 하는 롯데멤버스를 이커머스 사업의 중심축에 두고 있다. 롯데멤버스는 2015년 롯데카드의 사업부에서 별도법인으로 분리됐다. 멤버십인 ‘엘포인트’를 통해 쌓이는 방대한 고객 빅데이터를 통합적으로 관리ㆍ운영하는 회사로 3800만명의 회원을 보유하고 있다. 백화점, 마트, 슈퍼 등 롯데 유통 계열사와 시너지 효과를 낼 수 있어 그 가치가 높게 평가되고 있다. 롯데그룹은 3조원을 투자해 기존에 분산된 계열사별 온라인몰을 통합하고, 롯데멤버스와 1만1000개에 달하는 오프라인 매장을 연계한다는 계획이다."
"유통업계, 빅데이터 역량 강화 ‘잰걸음’","롯데멤버스 관계자는 “소비자가 온라인, 오프라인, 모바일 채널을 넘나들 수 있는 ‘옴니채널(Omni-Channel)’ 시대에는 각 채널을 융합하는 것이 중요해졌다”며 “온라인과 오프라인의 빅데이터를 통합해 알고리즘을 정교화할 경우 고객에게 최적화된 맞춤형 서비스를 제공할 수 있다”고 했다."
"유통업계, 빅데이터 역량 강화 ‘잰걸음’","쿠팡, 11번가 등 온라인 유통업체들은 제품 추천, 검색, 할인, 배송에 이르기까지 쇼핑의 전 단계에 빅데이터 기술을 적용하고 있다. 대표적으로 쿠팡의 데이터 플랫폼은 고객이 원하는 정보를 빠르게 파악해 매일 3억건 이상의 상품 검색 결과를 고객에게 제시하고 있다. 11번가는 과거 실적 데이터와 고객 선호도 등 5만여건의 데이터를 분석해 ‘타임딜’ 노출 상품을 선정한다."
"유통업계, 빅데이터 역량 강화 ‘잰걸음’",관련 업계는 앞으로 온ㆍ오프라인 유통 채널 융합이 가속화됨에 따라 빅데이터의 역할과 중요성이 더 커질 것으로 전망하고 있다.
"유통업계, 빅데이터 역량 강화 ‘잰걸음’","유통업계 관계자는 “빅데이터를 기반으로 고객의 선호도, 성향 등을 파악해 최적화된 맞춤형 혜택을 제공하는 마케팅 사례가 늘어나고 있다”며 “장기적으로는 빅데이터를 활용해 신규 사업 모델 개발ㆍ확장이 가능할 것으로 보고 있다”고 했다."
"""영화관서 엘포인트 쓰면 1000원씩 기부""…롯데멤버스, 소외 이웃에 1억 기부","[아시아경제 이지은 기자] 롯데멤버스는 창립 4주년을 맞아 이달 11일부터 내달 10일까지 롯데시네마와 함께 하는 '영화 같은 기부, 착한 시네마' 캠페인을 진행한다고 9일 밝혔다."
"""영화관서 엘포인트 쓰면 1000원씩 기부""…롯데멤버스, 소외 이웃에 1억 기부",착한 시네마 캠페인은 생활 속 기부 문화를 장려하고자 롯데멤버스가 창립 이래로 지속해 오고 있는 '착한 기부 캠페인'의 일환이다.
"""영화관서 엘포인트 쓰면 1000원씩 기부""…롯데멤버스, 소외 이웃에 1억 기부","행사 기간 중 롯데시네마에서 엘포인트를 사용할 경우 고객 한 명당 1000원씩 롯데멤버스가 최대 1억원의 기부금을 조성, 소외계층의 문화생활지원을 위해 쓰인다."
"""영화관서 엘포인트 쓰면 1000원씩 기부""…롯데멤버스, 소외 이웃에 1억 기부",캠페인 기간 동안 롯데멤버스는 롯데시네마에서 엘페이로 결제하거나 엘포인트를 적립·사용한 고객 중 추첨을 통해 다양한 경품도 제공한다.
"""영화관서 엘포인트 쓰면 1000원씩 기부""…롯데멤버스, 소외 이웃에 1억 기부","이승준 롯데멤버스 마케팅부문장은 ""올해는 문화소외계층을 지원하기 위해 착한 시네마 캠페인을 준비했다""며 ""앞으로도 누구나 쉽게 참여할 수 있는 일상 속 기부 문화를 만드는데 앞장서겠다""고 밝혔다."
"롯데멤버스, API 공유 '오픈 플랫폼' 사이트 론칭","API(Application Programming Interface)란 애플리케이션에서 데이터를 주고 받기 위한 방법으로, 사용자가 쉽게 접근하여 정보를 공유하기 위해 만들어진 규격이다. 플랫폼 사업자는 API를 공개하여 서비스를 내·외부에 제공할 수 있다."
"롯데멤버스, API 공유 '오픈 플랫폼' 사이트 론칭","엘페이 엘포인트 오픈 플랫폼은 롯데멤버스에서 제공하고 있는 다양한 API를 기관, 기업, 개인 등 외부 파트너들이 활용할 수 있도록 제공하는 서비스이다. 롯데멤버스는 급변하는 환경에 민첩하게 대응하고 다양한 파트너와 소통·협력하기 위해 이번 서비스를 기획했다."
"롯데멤버스, API 공유 '오픈 플랫폼' 사이트 론칭","새롭게 선보인 오픈 플랫폼은 오픈 API와 가상 테스트 환경을 제공한다. 개발자들이 직접 응용프로그램과 서비스를 개발할 수 있도록 API를 공개하고 있으며, 개발 편의를 위한 호출과 응답을 시험해 볼 수 있도록 가상 테스트 환경을 마련했다. 또한 다양한 통계 데이터를 조회할 수 있게 해 서비스 관리에 활용할 수 있도록 했다."
"롯데멤버스, API 공유 '오픈 플랫폼' 사이트 론칭","롯데멤버스는 오픈플랫폼 사이트를 통해 엘포인트와 엘페이 통합 회원제 관련 API를 순차적으로 공개할 예정이다. 또한 개발자들의 혼란을 막기 위해 오픈 API 가이드를 제공, 자신이 만든 애플리케이션을 등록하고 관리할 수 있는 영역을 구축했다. 이를 통해 개발자와 파트너사가 자신만의 창의적인 아이디어를 편리하게 구현할 수 있다."
"롯데멤버스, API 공유 '오픈 플랫폼' 사이트 론칭",롯데멤버스와 이용 계약을 체결하고 이용 승인을 받은 기업은 누구나 오픈 플랫폼을 이용할 수 있다. 향후에는 개인 개발자들도 서비스를 이용할 수 있도록 파트너 범위를 확대 적용할 예정이다.
"롯데멤버스, API 공유 '오픈 플랫폼' 사이트 론칭",이복형 롯데멤버스 IT전략부문장은 “국내 최대 통합멤버십 서비스인 엘페이 엘포인트의 플랫폼 자원을 외부 파트너와 적극적으로 공유하고 새로운 비즈니스 모델을 만들어가기 위해 기획됐다”며 “향후 더욱 다양한 분야의 API를 제공하고 파트너사와 협력할 수 있는 영역을 확대해 나갈 것”이라고 말했다.
"롯데멤버스 '오픈 플랫폼' 사이트 오픈…""파트너사 협력 강화""",[아시아경제 조목인 기자] 롯데멤버스는 '엘페이|엘포인트 오픈 플랫폼' 포털 사이트를 런칭했다고 7일 밝혔다. 외부 개발자와 파트너사가 롯데멤버스의 다양한 응용 프로그램 사용환경(API)을 자유롭게 활용할 수 있도록 지원하기 위한 것이다. 롯데멤버스는 급변하는 환경에 민첩하게 대응하고 다양한 파트너와 소통·협력하기 위해 이번 서비스를 기획했다고 밝혔다.
"롯데멤버스 '오픈 플랫폼' 사이트 오픈…""파트너사 협력 강화""","새롭게 선보인 오픈 플랫폼은 오픈 API와 가상 테스트 환경을 제공한다. 개발자들이 직접 응용프로그램과 서비스를 개발할 수 있도록 API를 공개하고 있으며, 개발 편의를 위한 호출과 응답을 시험해 볼 수 있도록 가상테스트 환경을 마련했다. 또한 다양한 통계 데이터를 조회할 수 있게 해 서비스 관리에 활용할 수 있도록 했다."
"롯데멤버스 '오픈 플랫폼' 사이트 오픈…""파트너사 협력 강화""","롯데멤버스는 오픈플랫폼 사이트를 통해 엘포인트, 엘페이 통합 회원제 관련 API를 순차적으로 공개할 예정이다. 또한 개발자들의 혼란을 막기 위해 오픈 API 가이드를 제공, 자신이 만든 애플리케이션을 등록하고 관리할 수 있도록 했다."
"롯데멤버스 '오픈 플랫폼' 사이트 오픈…""파트너사 협력 강화""",롯데멤버스와 이용 계약을 체결하고 이용 승인을 받은 기업은 누구나 오픈플랫폼을 이용할 수 있다. 향후에는 개인 개발자들도 서비스 이용이 가능하도록 파트너 범위를 확대 적용할 예정이다.
"롯데멤버스 '오픈 플랫폼' 사이트 오픈…""파트너사 협력 강화""","롯데멤버스 이복형 IT전략부문장은 ""엘페이 | 엘포인트의 플랫폼 자원을 외부 파트너와 적극적으로 공유하고 새로운 비즈니스 모델을 만들어가기 위해 기획됐다""면서 ""엘포인트 API 오픈을 시작으로 1월 중에는 엘페이, 1분기 내에는 통합 회원제 API를 순차적으로 공개할 예정""이라고 밝혔다."
"엘포인트 고객센터, 12~1시 일괄 점심시간",【서울=뉴시스】이예슬 기자 = 롯데멤버스는 올해부터 엘포인트 고객센터 점심시간을 일괄적으로 시행한다고 2일 밝혔다. 상담원들의 근무환경을 개선하기 위한 차원이다.
"엘포인트 고객센터, 12~1시 일괄 점심시간",롯데멤버스에 따르면 이날부터 상담원의 점심시간은 교대 근무 없이 전원 오후 12시부터 1시까지로 전환했다. 기존에는 상담원들이 오전 11시30분부터 오후 3시30분까지 4교대로 돌아가며 근무했다.
"엘포인트 고객센터, 12~1시 일괄 점심시간","기존 체제에서는 동료들과 교류할 시간이 없을 뿐 아니라 불규칙한 식사로 건강관리가 어렵다는 단점이 지적되면서 점심시간을 일괄적으로 운영하기로 했다. 단, 엘페이 결제 관련 상담은 기존처럼 점심시간에도 이용할 수 있다."
"엘포인트 고객센터, 12~1시 일괄 점심시간",이번 조치를 위해 지난 3개월간의 시간대별 인입콜 현황을 분석한 결과 점심시간대인 12~1시가 가장 적은 것을 확인했다. 향후에도 월별로 시간대별 현황을 점검해 고객들의 불편을 방지할 예정이다.
"엘포인트 고객센터, 12~1시 일괄 점심시간","엄인욱 마케팅운영팀장은 ""감정 노동자들의 열악하 실정에 주목해 상담원들의 근무환경 개선에 앞장서고자 한다""며 ""일괄 점심시간이 잘 정착되면 상담원들의 업무 효율성이 향상되고 브랜드 로열티 또한 높아질 것""이라고 말했다."
"엘포인트 고객센터, 12~1시 일괄 점심시간",&lt;저작권자ⓒ 공감언론 뉴시스통신사. 무단전재-재배포 금지.&gt;
"롯데멤버스, 고객센터 일괄 점심시간 운영",롯데멤버스는 올해부터 L.POINT(이하 엘포인트) 고객센터 점심시간을 일괄적으로 시행하고 상담원들의 근무환경 개선에 나선다고 2일 밝혔다.
"롯데멤버스, 고객센터 일괄 점심시간 운영",최근 감정 노동 종사자들의 열악한 근무환경에 대한 사회적 경각심이 커짐에 따라 이들의 근무 환경을 개선해야 한다는 목소리가 그 어느 때보다도 높다. 롯데멤버스 역시 이러한 사회적 분위기에 공감하고 상생하는 문화를 만들어가기 위해 고객센터 점심시간을 운영한다. 규칙적인 휴식시간 보장을 통해 삶의 질을 높이고 고객들에게는 더 나은 서비스를 제공하겠다는 취지다.
"롯데멤버스, 고객센터 일괄 점심시간 운영",롯데멤버스는 상담원의 점심시간을 교대 근무 없이 전원 오후 12시부터 1시까지로 전환했다. 기존에는 상담원들이 오전 11시 30분부터 오후 3시 30분까지 4교대로 돌아가며 근무하고 있었다. 이에 동료들과 교류할 시간이 없을 뿐 아니라 불규칙한 식사로 인해 건강관리가 쉽지 않았다. 하지만 앞으로는 일괄 점심시간을 통해 합리적인 휴식권과 동료들간 교류할 수 있는 시간을 보장 받는다.
"롯데멤버스, 고객센터 일괄 점심시간 운영","롯데멤버스는 이번 조치를 시행하기 위해 지난 3개월간의 시간대별 인입콜 현황을 분석했으며, 점심 시간대인 12시에서 1시까지 인입콜이 가장 적은 것으로 확인했다. 이를 바탕으로 일괄 점심시간을 지정했으며, 향후에도 월별로 시간대별 인입콜 현황을 점검해 고객들의 불편을 사전에 방지할 예정이다."
"""상담원도 밥 먹어야죠""…롯데멤버스, '일괄 점심시간' 운영",[아시아경제 성기호 기자] 롯데멤버스가 올해부터 엘포인트 고객센터 점심시간을 일괄적으로 시행하는 등 상담원들의 근무환경 개선에 나선다고 2일 밝혔다.
"""상담원도 밥 먹어야죠""…롯데멤버스, '일괄 점심시간' 운영",이에 따라 롯데멤버스는 이날부터 상담원의 점심시간을 교대 근무 없이 전원 오후 12시부터 1시까지로 전환한다. 기존에는 상담원들이 오전 11시 30분부터 오후 3시 30분까지 4교대로 돌아가며 근무하고 있었다. 이에 동료들과 교류할 시간이 없을 뿐 아니라 불규칙한 식사로 인해 건강관리가 쉽지 않았다는 지적이 나왔다. 하지만 앞으로는 일괄 점심시간을 통해 합리적인 휴식권과 동료들간 교류할 수 있는 시간을 보장 받는다.
"""상담원도 밥 먹어야죠""…롯데멤버스, '일괄 점심시간' 운영",롯데멤버스는 규칙적인 휴식시간 보장을 통해 삶의 질을 높이고 고객들에게는 더 나은 서비스를 제공하겠다는 취지라고 설명했다.
"""상담원도 밥 먹어야죠""…롯데멤버스, '일괄 점심시간' 운영","롯데멤버스는 이번 조치를 시행하기 위해 지난 3개월간의 시간대별 인입콜 현황을 분석했으며, 점심 시간대인 12시에서 1시까지 인입콜이 가장 적은 것으로 확인했다. 이를 바탕으로 일괄 점심시간을 지정했으며, 향후에도 월별로 시간대별 인입콜 현황을 점검해 고객들의 불편을 사전에 방지할 예정이다. 단, 엘페이 결제 관련 상담은 기존처럼 점심시간에도 이용 가능하다."
"""상담원도 밥 먹어야죠""…롯데멤버스, '일괄 점심시간' 운영","엄인욱 롯데멤버스 마케팅운영팀장 “자사는 최근 사회적 이슈인 감정 노동자들의 열악한 실정에 주목하고 일괄 점심시간 운영을 통해 고객센터 상담원들의 근무환경 개선에 앞장서고자 한다. 일괄 점심시간이 잘 정착되면 상담원들의 업무 효율성이 향상되고 브랜드 로열티 또한 높아질 것.”이라며 “구성원들의 권리 보장을 위해 시행하는 이번 조치가 고객들에게는 서비스 품질의 만족도를 제고하는 한편, 전국의 감정 노동자들에게는 권리 개선의 청신호가 될 수 있길 기원한다.”고 밝혔다."
